code,name,market,sector,theme
1301,極洋,Prime,水産・農林業,内需・ディフェンシブ
1332,ニッスイ,Prime,水産・農林業,内需・ディフェンシブ
1333,Ｕｍｉｏｓ,Prime,水産・農林業,内需・ディフェンシブ
1375,ユキグニファクトリー,Prime,水産・農林業,内需・ディフェンシブ
1376,カネコ種苗,Standard,水産・農林業,内需・ディフェンシブ
1377,サカタのタネ,Prime,水産・農林業,内需・ディフェンシブ
1379,ホクト,Prime,水産・農林業,内需・ディフェンシブ
1380,秋川牧園,Standard,水産・農林業,内需・ディフェンシブ
1381,アクシーズ,Standard,水産・農林業,内需・ディフェンシブ
1382,ホーブ,Standard,水産・農林業,内需・ディフェンシブ
1383,ベルグアース,Standard,水産・農林業,内需・ディフェンシブ
1384,ホクリヨウ,Standard,水産・農林業,内需・ディフェンシブ
1401,エムビーエス,Growth,建設業,内需・ディフェンシブ
1407,ウエストホールディングス,Standard,建設業,内需・ディフェンシブ
1414,ショーボンドホールディングス,Prime,建設業,内需・ディフェンシブ
1417,ミライト・ワン,Prime,建設業,内需・ディフェンシブ
1418,インターライフホールディングス,Standard,建設業,内需・ディフェンシブ
1419,タマホーム,Prime,建設業,内需・ディフェンシブ
1420,サンヨーホームズ,Standard,建設業,内需・ディフェンシブ
1429,日本アクア,Prime,建設業,内需・ディフェンシブ
1430,ファーストコーポレーション,Standard,建設業,内需・ディフェンシブ
1431,Ｌｉｂ　Ｗｏｒｋ,Growth,建設業,内需・ディフェンシブ
1432,動力,PRO,建設業,内需・ディフェンシブ
1433,ベステラ,Prime,建設業,内需・ディフェンシブ
1434,ＪＥＳＣＯホールディングス,Standard,建設業,内需・ディフェンシブ
1435,ｒｏｂｏｔ　ｈｏｍｅ,Standard,不動産業,内需・ディフェンシブ
1436,グリーンエナジー＆カンパニー,Growth,建設業,内需・ディフェンシブ
1438,岐阜造園,Standard,建設業,内需・ディフェンシブ
1443,技研ホールディングス,Standard,建設業,内需・ディフェンシブ
1444,ニッソウ,Growth,建設業,内需・ディフェンシブ
1445,ひかりホールディングス,PRO,建設業,内需・ディフェンシブ
1446,キャンディル,Standard,建設業,内需・ディフェンシブ
1447,ＳＡＡＦホールディングス,Growth,建設業,内需・ディフェンシブ
1450,ＴＡＮＡＫＥＮ,Standard,建設業,内需・ディフェンシブ
1452,横浜ライト工業,PRO,建設業,内需・ディフェンシブ
1491,中外鉱業,Standard,非鉄金属,内需・ディフェンシブ
1514,住石ホールディングス,Standard,鉱業,内需・ディフェンシブ
1515,日鉄鉱業,Prime,鉱業,内需・ディフェンシブ
1518,三井松島ホールディングス,Prime,その他製品,ゲーム・エンタメ
1605,ＩＮＰＥＸ,Prime,鉱業,内需・ディフェンシブ
1662,石油資源開発,Prime,鉱業,内需・ディフェンシブ
1663,Ｋ＆Ｏエナジーグループ,Prime,鉱業,内需・ディフェンシブ
1711,ＳＤＳホールディングス,Standard,建設業,内需・ディフェンシブ
1716,第一カッター興業,Standard,建設業,内需・ディフェンシブ
1717,明豊ファシリティワークス,Standard,サービス業,サービス
1718,美樹工業,Standard,建設業,内需・ディフェンシブ
1719,安藤・間,Prime,建設業,内需・ディフェンシブ
1720,東急建設,Prime,建設業,内需・ディフェンシブ
1721,コムシスホールディングス,Prime,建設業,内需・ディフェンシブ
1723,日本電技,Standard,建設業,内需・ディフェンシブ
1724,シンクレイヤ,Standard,建設業,内需・ディフェンシブ
1726,ビーアールホールディングス,Prime,建設業,内需・ディフェンシブ
1736,オーテック,Standard,建設業,内需・ディフェンシブ
1758,太洋基礎工業,Standard,建設業,内需・ディフェンシブ
1762,高松コンストラクショングループ,Prime,建設業,内需・ディフェンシブ
1764,工藤建設,Standard,建設業,内需・ディフェンシブ
1766,東建コーポレーション,Prime,建設業,内需・ディフェンシブ
1768,ソネック,Standard,建設業,内需・ディフェンシブ
1770,藤田エンジニアリング,Standard,建設業,内需・ディフェンシブ
1776,三井住建道路,Standard,建設業,内需・ディフェンシブ
1780,ヤマウラ,Prime,建設業,内需・ディフェンシブ
1783,ｆａｎｔａｓｉｓｔａ,Standard,不動産業,内需・ディフェンシブ
1786,オリエンタル白石,Prime,建設業,内需・ディフェンシブ
1787,ナカボーテック,Standard,建設業,内需・ディフェンシブ
1788,三東工業社,Standard,建設業,内需・ディフェンシブ
1793,大本組,Standard,建設業,内需・ディフェンシブ
1795,マサル,Standard,建設業,内需・ディフェンシブ
1798,守谷商会,Standard,建設業,内需・ディフェンシブ
1799,第一建設工業,Standard,建設業,内需・ディフェンシブ
1801,大成建設,Prime,建設業,内需・ディフェンシブ
1802,大林組,Prime,建設業,内需・ディフェンシブ
1803,清水建設,Prime,建設業,内需・ディフェンシブ
1807,佐藤渡辺,Standard,建設業,内需・ディフェンシブ
1808,長谷工コーポレーション,Prime,建設業,内需・ディフェンシブ
1810,松井建設,Standard,建設業,内需・ディフェンシブ
1811,錢高組,Standard,建設業,内需・ディフェンシブ
1812,鹿島建設,Prime,建設業,内需・ディフェンシブ
1813,不動テトラ,Prime,建設業,内需・ディフェンシブ
1814,大末建設,Prime,建設業,内需・ディフェンシブ
1815,鉄建建設,Prime,建設業,内需・ディフェンシブ
1820,西松建設,Prime,建設業,内需・ディフェンシブ
1822,大豊建設,Standard,建設業,内需・ディフェンシブ
1826,佐田建設,Standard,建設業,内需・ディフェンシブ
1827,ナカノフドー建設,Standard,建設業,内需・ディフェンシブ
1828,田辺工業,Standard,建設業,内需・ディフェンシブ
1833,奥村組,Prime,建設業,内需・ディフェンシブ
1835,東鉄工業,Prime,建設業,内需・ディフェンシブ
1840,土屋ホールディングス,Standard,建設業,内需・ディフェンシブ
1844,大盛工業,Standard,建設業,内需・ディフェンシブ
1847,イチケン,Standard,建設業,内需・ディフェンシブ
1848,富士ピー・エス,Standard,建設業,内需・ディフェンシブ
1850,南海辰村建設,Standard,建設業,内需・ディフェンシブ
1852,淺沼組,Prime,建設業,内需・ディフェンシブ
1853,森組,Standard,建設業,内需・ディフェンシブ
1860,戸田建設,Prime,建設業,内需・ディフェンシブ
1861,熊谷組,Prime,建設業,内需・ディフェンシブ
1866,北野建設,Standard,建設業,内需・ディフェンシブ
1867,植木組,Standard,建設業,内需・ディフェンシブ
1870,矢作建設工業,Prime,建設業,内需・ディフェンシブ
1871,ピーエス・コンストラクション,Prime,建設業,内需・ディフェンシブ
1873,日本ハウスホールディングス,Prime,建設業,内需・ディフェンシブ
1878,大東建託,Prime,不動産業,内需・ディフェンシブ
1879,新日本建設,Prime,建設業,内需・ディフェンシブ
1882,東亜道路工業,Prime,建設業,内需・ディフェンシブ
1885,東亜建設工業,Prime,建設業,内需・ディフェンシブ
1887,日本国土開発,Prime,建設業,内需・ディフェンシブ
1888,若築建設,Prime,建設業,内需・ディフェンシブ
1893,五洋建設,Prime,建設業,内需・ディフェンシブ
1897,金下建設,Standard,建設業,内需・ディフェンシブ
1898,世紀東急工業,Prime,建設業,内需・ディフェンシブ
1899,福田組,Prime,建設業,内需・ディフェンシブ
1904,大成温調,Standard,建設業,内需・ディフェンシブ
1905,テノックス,Standard,建設業,内需・ディフェンシブ
1909,日本ドライケミカル,Standard,機械,ロボット・FA
1911,住友林業,Prime,建設業,内需・ディフェンシブ
1914,日本基礎技術,Standard,建設業,内需・ディフェンシブ
1921,巴コーポレーション,Standard,建設業,内需・ディフェンシブ
1925,大和ハウス工業,Prime,建設業,内需・ディフェンシブ
1926,ライト工業,Prime,建設業,内需・ディフェンシブ
1928,積水ハウス,Prime,建設業,内需・ディフェンシブ
1929,日特建設,Prime,建設業,内需・ディフェンシブ
1930,北陸電気工事,Prime,建設業,内需・ディフェンシブ
1934,ユアテック,Prime,建設業,内需・ディフェンシブ
1938,日本リーテック,Prime,建設業,内需・ディフェンシブ
1939,四電工,Prime,建設業,内需・ディフェンシブ
1941,中電工,Prime,建設業,内需・ディフェンシブ
1942,関電工,Prime,建設業,内需・ディフェンシブ
1944,きんでん,Prime,建設業,内需・ディフェンシブ
1945,東京エネシス,Prime,建設業,内需・ディフェンシブ
1946,トーエネック,Prime,建設業,内需・ディフェンシブ
1948,弘電社,Standard,建設業,内需・ディフェンシブ
1950,日本電設工業,Prime,建設業,内需・ディフェンシブ
1951,エクシオグループ,Prime,建設業,内需・ディフェンシブ
1952,新日本空調,Prime,建設業,内需・ディフェンシブ
1959,クラフティア,Prime,建設業,内需・ディフェンシブ
1960,サンテック,Standard,建設業,内需・ディフェンシブ
1961,三機工業,Prime,建設業,内需・ディフェンシブ
1963,日揮ホールディングス,Prime,建設業,内需・ディフェンシブ
1964,中外炉工業,Prime,建設業,内需・ディフェンシブ
1965,テクノ菱和,Standard,建設業,内需・ディフェンシブ
1966,高田工業所,Standard,建設業,内需・ディフェンシブ
1967,ヤマト,Standard,建設業,内需・ディフェンシブ
1968,太平電業,Prime,建設業,内需・ディフェンシブ
1969,高砂熱学工業,Prime,建設業,内需・ディフェンシブ
1972,三晃金属工業,Standard,建設業,内需・ディフェンシブ
1975,朝日工業社,Prime,建設業,内需・ディフェンシブ
1976,明星工業,Prime,建設業,内需・ディフェンシブ
1979,大氣社,Prime,建設業,内需・ディフェンシブ
1980,ダイダン,Prime,建設業,内需・ディフェンシブ
1981,協和日成,Standard,建設業,内需・ディフェンシブ
1982,日比谷総合設備,Prime,建設業,内需・ディフェンシブ
1992,神田通信機,Standard,建設業,内需・ディフェンシブ
1994,高橋カーテンウォール工業,Standard,建設業,内需・ディフェンシブ
1997,暁飯島工業,Standard,建設業,内需・ディフェンシブ
2001,ニップン,Prime,食料品,内需・ディフェンシブ
2002,日清製粉グループ本社,Prime,食料品,内需・ディフェンシブ
2003,日東富士製粉,Standard,食料品,内需・ディフェンシブ
2004,昭和産業,Prime,食料品,内需・ディフェンシブ
2009,鳥越製粉,Standard,食料品,内需・ディフェンシブ
2053,中部飼料,Prime,食料品,内需・ディフェンシブ
2055,日和産業,Standard,食料品,内需・ディフェンシブ
2060,フィード・ワン,Prime,食料品,内需・ディフェンシブ
2108,日本甜菜製糖,Prime,食料品,内需・ディフェンシブ
2109,ＤＭ三井製糖,Prime,食料品,内需・ディフェンシブ
2112,塩水港精糖,Standard,食料品,内需・ディフェンシブ
2114,フジ日本,Standard,食料品,内需・ディフェンシブ
2117,ウェルネオシュガー,Prime,食料品,内需・ディフェンシブ
2120,ＬＩＦＵＬＬ,Prime,サービス業,サービス
2121,ＭＩＸＩ,Prime,情報・通信業,DX・SaaS
2122,インタースペース,Standard,サービス業,サービス
2124,ジェイエイシーリクルートメント,Prime,サービス業,サービス
2127,日本Ｍ＆Ａセンターホールディングス,Prime,サービス業,サービス
2130,メンバーズ,Prime,サービス業,サービス
2134,北浜キャピタルパートナーズ,Standard,サービス業,サービス
2136,ヒップ,Standard,サービス業,サービス
2138,クルーズ,Standard,情報・通信業,DX・SaaS
2139,中広,Standard,サービス業,サービス
2146,ＵＴグループ,Prime,サービス業,サービス
2148,アイティメディア,Prime,サービス業,サービス
2152,幼児活動研究会,Standard,サービス業,サービス
2153,Ｅ・Ｊホールディングス,Prime,サービス業,サービス
2154,オープンアップグループ,Prime,サービス業,サービス
2156,セーラー広告,Standard,サービス業,サービス
2157,コシダカホールディングス,Prime,サービス業,サービス
2158,ＦＲＯＮＴＥＯ,Growth,サービス業,サービス
2160,ジーエヌアイグループ,Growth,医薬品,バイオ・医療
2162,ｎｍｓ　ホールディングス,Standard,サービス業,サービス
2163,アルトナー,Prime,サービス業,サービス
2164,地域新聞社,Standard,サービス業,サービス
2168,パソナグループ,Prime,サービス業,サービス
2169,ＣＤＳ,Standard,サービス業,サービス
2170,リンクアンドモチベーション,Prime,サービス業,サービス
2173,博展,Growth,サービス業,サービス
2175,エス・エム・エス,Prime,サービス業,サービス
2179,成学社,Standard,サービス業,サービス
2180,サニーサイドアップグループ,Standard,サービス業,サービス
2181,パーソルホールディングス,Prime,サービス業,サービス
2183,リニカル,Standard,サービス業,サービス
2185,シイエム・シイ,Standard,サービス業,サービス
2186,ソーバル,Standard,サービス業,サービス
2193,クックパッド,Standard,サービス業,サービス
2195,アミタホールディングス,Growth,サービス業,サービス
2198,アイ・ケイ・ケイホールディングス,Prime,サービス業,サービス
2201,森永製菓,Prime,食料品,内需・ディフェンシブ
2204,中村屋,Standard,食料品,内需・ディフェンシブ
2206,江崎グリコ,Prime,食料品,内需・ディフェンシブ
2207,ｍｅｉｔｏ,Prime,食料品,内需・ディフェンシブ
2208,ブルボン,Standard,食料品,内需・ディフェンシブ
2209,井村屋グループ,Prime,食料品,内需・ディフェンシブ
2211,不二家,Prime,食料品,内需・ディフェンシブ
2212,山崎製パン,Prime,食料品,内需・ディフェンシブ
2215,第一屋製パン,Standard,食料品,内需・ディフェンシブ
2216,カンロ,Standard,食料品,内需・ディフェンシブ
2217,モロゾフ,Prime,食料品,内需・ディフェンシブ
2220,亀田製菓,Prime,食料品,内需・ディフェンシブ
2221,岩塚製菓,Standard,食料品,内需・ディフェンシブ
2222,寿スピリッツ,Prime,食料品,内需・ディフェンシブ
2224,コモ,Standard,食料品,内需・ディフェンシブ
2226,湖池屋,Standard,食料品,内需・ディフェンシブ
2229,カルビー,Prime,食料品,内需・ディフェンシブ
2264,森永乳業,Prime,食料品,内需・ディフェンシブ
2266,六甲バター,Prime,食料品,内需・ディフェンシブ
2267,ヤクルト本社,Prime,食料品,内需・ディフェンシブ
2268,Ｂ－Ｒ　サーティワン　アイスクリーム,Standard,食料品,内需・ディフェンシブ
2269,明治ホールディングス,Prime,食料品,内需・ディフェンシブ
2270,雪印メグミルク,Prime,食料品,内需・ディフェンシブ
2281,プリマハム,Prime,食料品,内需・ディフェンシブ
2282,日本ハム,Prime,食料品,内需・ディフェンシブ
2286,林兼産業,Standard,食料品,内需・ディフェンシブ
2288,丸大食品,Prime,食料品,内需・ディフェンシブ
2291,福留ハム,Standard,食料品,内需・ディフェンシブ
2292,Ｓ　Ｆｏｏｄｓ,Prime,食料品,内需・ディフェンシブ
2293,滝沢ハム,Standard,食料品,内需・ディフェンシブ
2294,柿安本店,Prime,食料品,内需・ディフェンシブ
2296,伊藤ハム米久ホールディングス,Prime,食料品,内需・ディフェンシブ
2300,きょくとう,Standard,サービス業,サービス
2301,学情,Prime,サービス業,サービス
2303,ドーン,Standard,情報・通信業,DX・SaaS
2304,ＣＳＳホールディングス,Standard,サービス業,サービス
2305,スタジオアリス,Standard,サービス業,サービス
2307,クロスキャット,Prime,情報・通信業,DX・SaaS
2311,エプコ,Standard,サービス業,サービス
2315,ＣＡＩＣＡ　ＤＩＧＩＴＡＬ,Standard,情報・通信業,DX・SaaS
2317,システナ,Prime,情報・通信業,DX・SaaS
2321,ソフトフロントホールディングス,Growth,情報・通信業,DX・SaaS
2323,ｆｏｎｆｕｎ,Standard,情報・通信業,DX・SaaS
2325,ＮＪＳ,Prime,サービス業,サービス
2326,デジタルアーツ,Prime,情報・通信業,DX・SaaS
2327,日鉄ソリューションズ,Prime,情報・通信業,DX・SaaS
2329,東北新社,Standard,情報・通信業,DX・SaaS
2330,フォーサイド,Standard,情報・通信業,DX・SaaS
2331,ＡＬＳＯＫ,Prime,サービス業,サービス
2332,クエスト,Standard,情報・通信業,DX・SaaS
2334,イオレ,Growth,サービス業,サービス
2335,キューブシステム,Prime,情報・通信業,DX・SaaS
2337,いちご,Prime,不動産業,内需・ディフェンシブ
2338,クオンタムソリューションズ,Standard,情報・通信業,DX・SaaS
2340,極楽湯ホールディングス,Standard,サービス業,サービス
2341,アルバイトタイムス,Standard,サービス業,サービス
2342,トランスジェニックグループ,Standard,サービス業,サービス
2344,平安レイサービス,Standard,サービス業,サービス
2345,ＨＯＤＬ１,Standard,情報・通信業,DX・SaaS
2349,エヌアイデイ,Standard,情報・通信業,DX・SaaS
2351,ＡＳＪ,Standard,情報・通信業,DX・SaaS
2353,日本駐車場開発,Prime,不動産業,内需・ディフェンシブ
2354,ＹＥ　ＤＩＧＩＴＡＬ,Standard,情報・通信業,DX・SaaS
2359,コア,Prime,情報・通信業,DX・SaaS
2370,メディネット,Growth,サービス業,サービス
2371,カカクコム,Prime,サービス業,サービス
2373,ケア２１,Standard,サービス業,サービス
2375,ギグワークス,Standard,サービス業,サービス
2376,サイネックス,Standard,サービス業,サービス
2378,ルネサンス,Prime,サービス業,サービス
2379,ディップ,Prime,サービス業,サービス
2384,ＳＢＳホールディングス,Prime,陸運業,EC・物流
2385,総医研ホールディングス,Growth,サービス業,サービス
2388,ウェッジホールディングス,Growth,その他金融業,フィンテック・暗号資産
2391,プラネット,Standard,サービス業,サービス
2393,日本ケアサプライ,Standard,サービス業,サービス
2395,新日本科学,Prime,サービス業,サービス
2404,鉄人化ホールディングス,Standard,サービス業,サービス
2408,ＫＧ情報,Standard,サービス業,サービス
2410,キャリアデザインセンター,Prime,サービス業,サービス
2411,ゲンダイエージェンシー,Standard,情報・通信業,DX・SaaS
2413,エムスリー,Prime,サービス業,サービス
2415,ヒューマンホールディングス,Standard,サービス業,サービス
2418,ツカダ・グローバルホールディング,Standard,サービス業,サービス
2424,ブラス,Standard,サービス業,サービス
2425,ケアサービス,Standard,サービス業,サービス
2428,ウェルネット,Standard,サービス業,サービス
2429,ワールドホールディングス,Prime,サービス業,サービス
2432,ディー・エヌ・エー,Prime,情報・通信業,ゲーム・エンタメ
2433,博報堂ＤＹホールディングス,Prime,サービス業,サービス
2435,シダー,Standard,サービス業,サービス
2436,共同ピーアール,Standard,サービス業,サービス
2437,Ｓｈｉｎｗａ　Ｗｉｓｅ　Ｈｏｌｄｉｎｇｓ,Standard,サービス業,サービス
2438,アスカネット,Growth,サービス業,サービス
2440,ぐるなび,Standard,サービス業,サービス
2445,タカミヤ,Standard,サービス業,サービス
2449,プラップジャパン,Standard,サービス業,サービス
2452,コンピュータマインド,PRO,情報・通信業,DX・SaaS
2454,オールアバウト,Standard,サービス業,サービス
2459,アウンコンサルティング,Standard,サービス業,サービス
2461,ファンコミュニケーションズ,Prime,サービス業,サービス
2462,ライク,Prime,サービス業,サービス
2464,Ａｏｂａ‐ＢＢＴ,Standard,サービス業,サービス
2469,ヒビノ,Standard,サービス業,サービス
2471,エスプール,Prime,サービス業,サービス
2475,ＷＤＢホールディングス,Prime,サービス業,サービス
2477,手間いらず,Standard,情報・通信業,DX・SaaS
2479,ジェイテック,Standard,サービス業,サービス
2480,システム・ロケーション,Standard,情報・通信業,DX・SaaS
2481,タウンニュース社,Standard,サービス業,サービス
2483,翻訳センター,Standard,サービス業,サービス
2484,出前館,Standard,情報・通信業,DX・SaaS
2485,ティア,Standard,サービス業,サービス
2488,ＪＴＰ,Standard,サービス業,サービス
2489,アドウェイズ,Standard,サービス業,サービス
2491,バリューコマース,Prime,サービス業,DX・SaaS
2492,インフォマート,Prime,サービス業,サービス
2493,イーサポートリンク,Standard,サービス業,サービス
2497,ユナイテッド,Growth,サービス業,サービス
2498,オリエンタルコンサルタンツホールディングス,Standard,サービス業,サービス
2499,日本和装ホールディングス,Standard,サービス業,サービス
2501,サッポロホールディングス,Prime,食料品,内需・ディフェンシブ
2502,アサヒグループホールディングス,Prime,食料品,内需・ディフェンシブ
2503,キリンホールディングス,Prime,食料品,内需・ディフェンシブ
2531,宝ホールディングス,Prime,食料品,内需・ディフェンシブ
2533,オエノンホールディングス,Prime,食料品,内需・ディフェンシブ
2540,養命酒製造,Prime,食料品,内需・ディフェンシブ
2573,北海道コカ・コーラボトリング,Standard,食料品,内需・ディフェンシブ
2579,コカ・コーラ　ボトラーズジャパンホールディングス,Prime,食料品,内需・ディフェンシブ
2585,ライフドリンク　カンパニー,Prime,食料品,内需・ディフェンシブ
2586,フルッタフルッタ,Growth,食料品,内需・ディフェンシブ
2587,サントリー食品インターナショナル,Prime,食料品,内需・ディフェンシブ
2588,プレミアムウォーターホールディングス,Standard,食料品,内需・ディフェンシブ
2590,ダイドーグループホールディングス,Prime,食料品,内需・ディフェンシブ
2593,伊藤園,Prime,食料品,内需・ディフェンシブ
2594,キーコーヒー,Prime,食料品,内需・ディフェンシブ
2597,ユニカフェ,Standard,食料品,内需・ディフェンシブ
2602,日清オイリオグループ,Prime,食料品,内需・ディフェンシブ
2607,不二製油,Prime,食料品,内需・ディフェンシブ
2612,かどや製油,Standard,食料品,内需・ディフェンシブ
2613,Ｊ－オイルミルズ,Prime,食料品,内需・ディフェンシブ
2652,まんだらけ,Standard,小売業,内需・ディフェンシブ
2653,イオン九州,Standard,小売業,内需・ディフェンシブ
2654,アスモ,Standard,小売業,内需・ディフェンシブ
2656,ベクターホールディングス,Standard,小売業,内需・ディフェンシブ
2659,サンエー,Prime,小売業,内需・ディフェンシブ
2664,カワチ薬品,Prime,小売業,内需・ディフェンシブ
2666,オートウェーブ,Standard,小売業,内需・ディフェンシブ
2667,イメージ　ワン,Standard,卸売業,内需・ディフェンシブ
2668,タビオ,Standard,卸売業,内需・ディフェンシブ
2669,カネ美食品,Standard,小売業,内需・ディフェンシブ
2670,エービーシー・マート,Prime,小売業,内需・ディフェンシブ
2673,夢みつけ隊,Standard,小売業,内需・ディフェンシブ
2674,ハードオフコーポレーション,Prime,小売業,内需・ディフェンシブ
2676,高千穂交易,Prime,卸売業,内需・ディフェンシブ
2678,アスクル,Prime,小売業,内需・ディフェンシブ
2681,ゲオホールディングス,Prime,小売業,内需・ディフェンシブ
2683,魚喜,Standard,小売業,内需・ディフェンシブ
2685,アンドエスティＨＤ,Prime,小売業,内需・ディフェンシブ
2686,ジーフット,Standard,小売業,内需・ディフェンシブ
2687,シー・ヴイ・エス・ベイエリア,Standard,サービス業,サービス
2689,オルバヘルスケアホールディングス,Standard,卸売業,内需・ディフェンシブ
2692,伊藤忠食品,Prime,卸売業,内需・ディフェンシブ
2693,ＹＫＴ,Standard,卸売業,内需・ディフェンシブ
2694,焼肉坂井ホールディングス,Standard,小売業,内需・ディフェンシブ
2695,くら寿司,Prime,小売業,内需・ディフェンシブ
2698,キャンドゥ,Standard,小売業,内需・ディフェンシブ
2700,木徳神糧,Standard,卸売業,内需・ディフェンシブ
2702,日本マクドナルドホールディングス,Standard,小売業,内需・ディフェンシブ
2705,大戸屋ホールディングス,Standard,小売業,内需・ディフェンシブ
2708,久世,Standard,卸売業,内需・ディフェンシブ
2721,ジェイホールディングス,Standard,卸売業,内需・ディフェンシブ
2722,ＩＫホールディングス,Standard,小売業,内需・ディフェンシブ
2726,パルグループホールディングス,Prime,小売業,内需・ディフェンシブ
2730,エディオン,Prime,小売業,内需・ディフェンシブ
2733,あらた,Prime,卸売業,内需・ディフェンシブ
2734,サーラコーポレーション,Prime,小売業,内需・ディフェンシブ
2735,ワッツ,Standard,小売業,内需・ディフェンシブ
2736,フェスタリアホールディングス,Standard,小売業,内需・ディフェンシブ
2737,トーメンデバイス,Prime,卸売業,内需・ディフェンシブ
2742,ハローズ,Prime,小売業,内需・ディフェンシブ
2747,北雄ラッキー,Standard,小売業,内需・ディフェンシブ
2749,ＪＰホールディングス,Prime,サービス業,サービス
2750,石光商事,Standard,卸売業,内需・ディフェンシブ
2751,テンポスホールディングス,Standard,卸売業,内需・ディフェンシブ
2752,フジオフードグループ本社,Prime,小売業,内需・ディフェンシブ
2753,あみやき亭,Prime,小売業,内需・ディフェンシブ
2760,東京エレクトロン　デバイス,Prime,卸売業,内需・ディフェンシブ
2762,ＳＡＮＫＯ　ＭＡＲＫＥＴＩＮＧ　ＦＯＯＤＳ,Standard,小売業,内需・ディフェンシブ
2763,エフティグループ,Standard,卸売業,内需・ディフェンシブ
2764,ひらまつ,Standard,小売業,内需・ディフェンシブ
2767,円谷フィールズホールディングス,Prime,卸売業,内需・ディフェンシブ
2768,双日,Prime,卸売業,内需・ディフェンシブ
2769,ヴィレッジヴァンガードコーポレーション,Standard,小売業,内需・ディフェンシブ
2776,新都ホールディングス,Standard,卸売業,内需・ディフェンシブ
2778,パレモ・ホールディングス,Standard,小売業,内需・ディフェンシブ
2780,コメ兵ホールディングス,Standard,小売業,内需・ディフェンシブ
2782,セリア,Standard,小売業,内需・ディフェンシブ
2784,アルフレッサ　ホールディングス,Prime,卸売業,内需・ディフェンシブ
2788,アップルインターナショナル,Standard,卸売業,内需・ディフェンシブ
2789,カルラ,Standard,小売業,内需・ディフェンシブ
2790,ナフコ,Standard,小売業,内需・ディフェンシブ
2791,大黒天物産,Prime,小売業,内需・ディフェンシブ
2792,ハニーズホールディングス,Prime,小売業,内需・ディフェンシブ
2795,日本プリメックス,Standard,卸売業,内需・ディフェンシブ
2796,ファーマライズホールディングス,Standard,小売業,内需・ディフェンシブ
2798,ワイズテーブルコーポレーション,Standard,小売業,内需・ディフェンシブ
2801,キッコーマン,Prime,食料品,内需・ディフェンシブ
2802,味の素,Prime,食料品,内需・ディフェンシブ
2804,ブルドックソース,Prime,食料品,内需・ディフェンシブ
2805,ヱスビー食品,Standard,食料品,内需・ディフェンシブ
2806,ユタカフーズ,Standard,食料品,内需・ディフェンシブ
2809,キユーピー,Prime,食料品,内需・ディフェンシブ
2810,ハウス食品グループ本社,Prime,食料品,内需・ディフェンシブ
2811,カゴメ,Prime,食料品,内需・ディフェンシブ
2813,和弘食品,Standard,食料品,内需・ディフェンシブ
2814,佐藤食品工業,Standard,食料品,内需・ディフェンシブ
2815,アリアケジャパン,Prime,食料品,内需・ディフェンシブ
2816,ダイショー,Standard,食料品,内需・ディフェンシブ
2818,ピエトロ,Standard,食料品,内需・ディフェンシブ
2819,エバラ食品工業,Standard,食料品,内需・ディフェンシブ
2820,やまみ,Standard,食料品,内需・ディフェンシブ
2831,はごろもフーズ,Standard,食料品,内需・ディフェンシブ
2871,ニチレイ,Prime,食料品,内需・ディフェンシブ
2872,セイヒョー,Standard,食料品,内需・ディフェンシブ
2874,横浜冷凍,Prime,卸売業,内需・ディフェンシブ
2875,東洋水産,Prime,食料品,内需・ディフェンシブ
2876,デルソーレ,Standard,食料品,内需・ディフェンシブ
2877,日東ベスト,Standard,食料品,内需・ディフェンシブ
2882,イートアンドホールディングス,Prime,食料品,内需・ディフェンシブ
2883,大冷,Standard,食料品,内需・ディフェンシブ
2884,ヨシムラ・フード・ホールディングス,Prime,食料品,内需・ディフェンシブ
2892,日本食品化工,Standard,食料品,内需・ディフェンシブ
2894,石井食品,Standard,食料品,内需・ディフェンシブ
2897,日清食品ホールディングス,Prime,食料品,内需・ディフェンシブ
2901,ウェルディッシュ,Standard,食料品,内需・ディフェンシブ
2903,シノブフーズ,Standard,食料品,内需・ディフェンシブ
2904,一正蒲鉾,Standard,食料品,内需・ディフェンシブ
2907,あじかん,Standard,食料品,内需・ディフェンシブ
2908,フジッコ,Prime,食料品,内需・ディフェンシブ
2910,ロック・フィールド,Prime,食料品,内需・ディフェンシブ
2911,旭松食品,Standard,食料品,内需・ディフェンシブ
2914,日本たばこ産業,Prime,食料品,内需・ディフェンシブ
2915,ケンコーマヨネーズ,Prime,食料品,内需・ディフェンシブ
2916,仙波糖化工業,Standard,食料品,内需・ディフェンシブ
2917,大森屋,Standard,食料品,内需・ディフェンシブ
2918,わらべや日洋ホールディングス,Prime,食料品,内需・ディフェンシブ
2922,なとり,Prime,食料品,内需・ディフェンシブ
2923,サトウ食品,Standard,食料品,内需・ディフェンシブ
2924,イフジ産業,Standard,食料品,内需・ディフェンシブ
2926,篠崎屋,Standard,食料品,内需・ディフェンシブ
2927,ＡＦＣ－ＨＤアムスライフサイエンス,Standard,食料品,内需・ディフェンシブ
2929,ファーマフーズ,Prime,食料品,バイオ・医療
2930,北の達人コーポレーション,Prime,化学,半導体関連
2931,ユーグレナ,Prime,食料品,内需・ディフェンシブ
2932,ＳＴＩフードホールディングス,Standard,食料品,内需・ディフェンシブ
2933,紀文食品,Prime,食料品,内需・ディフェンシブ
2934,ジェイフロンティア,Growth,食料品,内需・ディフェンシブ
2935,ピックルスホールディングス,Prime,食料品,内需・ディフェンシブ
2936,ベースフード,Growth,食料品,内需・ディフェンシブ
2937,サンクゼール,Growth,食料品,内需・ディフェンシブ
2938,オカムラ食品工業,Standard,食料品,内需・ディフェンシブ
2961,日本調理機,Standard,金属製品,内需・ディフェンシブ
2962,テクニスコ,Standard,金属製品,内需・ディフェンシブ
2970,ＧＬＣ　ＧＲＯＵＰ,Standard,不動産業,内需・ディフェンシブ
2975,スター・マイカ・ホールディングス,Prime,不動産業,内需・ディフェンシブ
2978,ツクルバ,Growth,不動産業,内需・ディフェンシブ
2980,ＳＲＥホールディングス,Prime,不動産業,内需・ディフェンシブ
2981,ランディックス,Growth,不動産業,内需・ディフェンシブ
2982,ＡＤワークスグループ,Prime,不動産業,内需・ディフェンシブ
2983,アールプランナー,Growth,不動産業,内需・ディフェンシブ
2984,ヤマイチエステート,Standard,不動産業,内需・ディフェンシブ
2985,ファーストステージ,PRO,不動産業,内需・ディフェンシブ
2986,ＬＡホールディングス,Growth,不動産業,内需・ディフェンシブ
2990,アイダ設計,PRO,不動産業,内需・ディフェンシブ
2991,ランドネット,Standard,不動産業,内需・ディフェンシブ
2992,アーバンライク,PRO,不動産業,内需・ディフェンシブ
2993,長栄,Standard,不動産業,内需・ディフェンシブ
2994,アンサーホールディングス,PRO,不動産業,内需・ディフェンシブ
2995,ジェイレックス・コーポレーション,PRO,不動産業,内需・ディフェンシブ
2997,ストレージ王,Growth,不動産業,内需・ディフェンシブ
2998,クリアル,Growth,不動産業,内需・ディフェンシブ
2999,ホームポジション,Standard,不動産業,内需・ディフェンシブ
3001,片倉工業,Standard,繊維製品,内需・ディフェンシブ
3002,グンゼ,Prime,繊維製品,内需・ディフェンシブ
3003,ヒューリック,Prime,不動産業,内需・ディフェンシブ
3004,神栄,Standard,卸売業,内需・ディフェンシブ
3010,ポラリス・ホールディングス,Standard,サービス業,サービス
3011,バナーズ,Standard,小売業,内需・ディフェンシブ
3020,アプライド,Standard,小売業,内需・ディフェンシブ
3021,パシフィックネット,Standard,サービス業,サービス
3023,ラサ商事,Standard,卸売業,内需・ディフェンシブ
3024,クリエイト,Standard,卸売業,内需・ディフェンシブ
3028,アルペン,Prime,小売業,内需・ディフェンシブ
3030,ハブ,Standard,小売業,内需・ディフェンシブ
3031,ラクーンホールディングス,Prime,情報・通信業,DX・SaaS
3034,クオールホールディングス,Prime,小売業,内需・ディフェンシブ
3035,ケイティケイ,Standard,卸売業,内需・ディフェンシブ
3036,アルコニックス,Prime,卸売業,内需・ディフェンシブ
3038,神戸物産,Prime,卸売業,内需・ディフェンシブ
3040,ソリトンシステムズ,Prime,情報・通信業,DX・SaaS
3041,ビューティカダンホールディングス,Standard,卸売業,内需・ディフェンシブ
3042,セキュアヴェイル,Standard,情報・通信業,DX・SaaS
3045,カワサキ,Standard,卸売業,内需・ディフェンシブ
3046,ジンズホールディングス,Prime,小売業,内需・ディフェンシブ
3048,ビックカメラ,Prime,小売業,内需・ディフェンシブ
3050,ＤＣＭホールディングス,Prime,小売業,内需・ディフェンシブ
3053,ペッパーフードサービス,Standard,小売業,内需・ディフェンシブ
3054,ハイパー,Standard,卸売業,内需・ディフェンシブ
3058,三洋堂ホールディングス,Standard,小売業,内需・ディフェンシブ
3059,ヒラキ,Standard,小売業,内需・ディフェンシブ
3063,ジェイグループホールディングス,Growth,小売業,内需・ディフェンシブ
3064,ＭｏｎｏｔａＲＯ,Prime,小売業,内需・ディフェンシブ
3065,ライフフーズ,Standard,小売業,内需・ディフェンシブ
3067,東京一番フーズ,Standard,小売業,内需・ディフェンシブ
3068,ＷＤＩ,Standard,小売業,内需・ディフェンシブ
3069,ＪＦＬＡホールディングス,Standard,食料品,内需・ディフェンシブ
3070,ジェリービーンズグループ,Growth,卸売業,内需・ディフェンシブ
3071,ストリーム,Standard,小売業,内需・ディフェンシブ
3075,銚子丸,Standard,小売業,内需・ディフェンシブ
3076,あい　ホールディングス,Prime,卸売業,内需・ディフェンシブ
3077,ホリイフードサービス,Standard,小売業,内需・ディフェンシブ
3079,ディーブイエックス,Standard,卸売業,内需・ディフェンシブ
3080,ジェーソン,Standard,小売業,内需・ディフェンシブ
3082,きちりホールディングス,Standard,小売業,内需・ディフェンシブ
3083,スターシーズ,Standard,小売業,内需・ディフェンシブ
3086,Ｊ．フロント　リテイリング,Prime,小売業,内需・ディフェンシブ
3087,ドトール・日レスホールディングス,Prime,小売業,内需・ディフェンシブ
3088,マツキヨココカラ＆カンパニー,Prime,小売業,内需・ディフェンシブ
3089,テクノアルファ,Standard,卸売業,内需・ディフェンシブ
3091,ブロンコビリー,Prime,小売業,内需・ディフェンシブ
3092,ＺＯＺＯ,Prime,小売業,EC・物流
3093,トレジャー・ファクトリー,Prime,小売業,内需・ディフェンシブ
3096,オーシャンシステム,Standard,小売業,内需・ディフェンシブ
3097,物語コーポレーション,Prime,小売業,内需・ディフェンシブ
3099,三越伊勢丹ホールディングス,Prime,小売業,内需・ディフェンシブ
3101,東洋紡,Prime,化学,半導体関連
3103,ユニチカ,Prime,繊維製品,内需・ディフェンシブ
3104,富士紡ホールディングス,Prime,繊維製品,内需・ディフェンシブ
3105,日清紡ホールディングス,Prime,電気機器,半導体関連
3106,倉敷紡績,Prime,繊維製品,内需・ディフェンシブ
3107,ダイワボウホールディングス,Prime,卸売業,内需・ディフェンシブ
3109,シキボウ,Prime,繊維製品,内需・ディフェンシブ
3110,日東紡績,Prime,ガラス・土石製品,内需・ディフェンシブ
3111,オーミケンシ,Standard,繊維製品,内需・ディフェンシブ
3113,ＵＮＩＶＡ・Ｏａｋホールディングス,Standard,証券、商品先物取引業,フィンテック・暗号資産
3116,トヨタ紡織,Prime,輸送用機器,内需・ディフェンシブ
3121,マーチャント・バンカーズ,Standard,サービス業,サービス
3123,サイボー,Standard,繊維製品,内需・ディフェンシブ
3131,シンデン・ハイテックス,Standard,卸売業,内需・ディフェンシブ
3132,マクニカホールディングス,Prime,卸売業,内需・ディフェンシブ
3133,海帆,Growth,小売業,内需・ディフェンシブ
3134,Ｈａｍｅｅ,Standard,小売業,内需・ディフェンシブ
3135,マーケットエンタープライズ,Standard,小売業,内需・ディフェンシブ
3137,ファンデリー,Growth,小売業,内需・ディフェンシブ
3138,富士山マガジンサービス,Standard,小売業,内需・ディフェンシブ
3139,ラクト・ジャパン,Prime,卸売業,内需・ディフェンシブ
3140,ＢＲＵＮＯ,Growth,卸売業,内需・ディフェンシブ
3143,オーウイル,Standard,卸売業,内需・ディフェンシブ
3148,クリエイトＳＤホールディングス,Prime,小売業,内需・ディフェンシブ
3150,グリムス,Prime,電気・ガス業,環境・再エネ
3151,バイタルケーエスケー・ホールディングス,Prime,卸売業,内需・ディフェンシブ
3153,八洲電機,Prime,卸売業,内需・ディフェンシブ
3154,メディアスホールディングス,Prime,卸売業,内需・ディフェンシブ
3156,レスター,Prime,卸売業,内需・ディフェンシブ
3157,ジオリーブグループ,Standard,卸売業,内需・ディフェンシブ
3159,丸善ＣＨＩホールディングス,Standard,小売業,内需・ディフェンシブ
3160,大光,Standard,卸売業,内需・ディフェンシブ
3161,アゼアス,Standard,卸売業,内需・ディフェンシブ
3166,ＯＣＨＩホールディングス,Standard,卸売業,内需・ディフェンシブ
3167,ＴＯＫＡＩホールディングス,Prime,卸売業,内需・ディフェンシブ
3168,ＭＥＲＦ,Standard,卸売業,内需・ディフェンシブ
3169,ミサワ,Standard,小売業,内需・ディフェンシブ
3172,ティーライフ,Standard,小売業,内需・ディフェンシブ
3173,Ｃｏｍｉｎｉｘ,Standard,卸売業,内需・ディフェンシブ
3174,ハピネス・アンド・ディ,Standard,小売業,内需・ディフェンシブ
3175,エー・ピーホールディングス,Standard,小売業,内需・ディフェンシブ
3176,三洋貿易,Prime,卸売業,内需・ディフェンシブ
3177,ありがとうサービス,Standard,小売業,内需・ディフェンシブ
3178,チムニー,Standard,小売業,内需・ディフェンシブ
3179,シュッピン,Prime,小売業,内需・ディフェンシブ
3180,ビューティガレージ,Prime,卸売業,内需・ディフェンシブ
3181,買取王国,Standard,小売業,内需・ディフェンシブ
3182,オイシックス・ラ・大地,Prime,小売業,内需・ディフェンシブ
3183,ウイン・パートナーズ,Prime,卸売業,内需・ディフェンシブ
3184,ＩＣＤＡホールディングス,Standard,小売業,内需・ディフェンシブ
3185,夢展望,Growth,小売業,内需・ディフェンシブ
3186,ネクステージ,Prime,小売業,内需・ディフェンシブ
3187,ミラタップ,Growth,小売業,内需・ディフェンシブ
3189,ＡＮＡＰホールディングス,Standard,小売業,内需・ディフェンシブ
3190,ホットマン,Standard,小売業,内需・ディフェンシブ
3191,ジョイフル本田,Prime,小売業,内需・ディフェンシブ
3192,白鳩,Standard,小売業,内需・ディフェンシブ
3193,エターナルホスピタリティグループ,Prime,小売業,内需・ディフェンシブ
3195,ジェネレーションパス,Growth,小売業,内需・ディフェンシブ
3196,ホットランドホールディングス,Prime,小売業,内需・ディフェンシブ
3197,すかいらーくホールディングス,Prime,小売業,内需・ディフェンシブ
3198,ＳＦＰホールディングス,Prime,小売業,内需・ディフェンシブ
3199,綿半ホールディングス,Prime,小売業,内需・ディフェンシブ
3201,日本毛織,Prime,繊維製品,内需・ディフェンシブ
3202,ダイトウボウ,Standard,繊維製品,内需・ディフェンシブ
3204,トーア紡コーポレーション,Standard,繊維製品,内需・ディフェンシブ
3205,ダイドーリミテッド,Standard,繊維製品,内需・ディフェンシブ
3221,ヨシックスホールディングス,Prime,小売業,内需・ディフェンシブ
3222,ユナイテッド・スーパーマーケット・ホールディングス,Standard,小売業,内需・ディフェンシブ
3223,エスエルディー,Standard,小売業,内需・ディフェンシブ
3224,ゼネラル・オイスター,Growth,小売業,内需・ディフェンシブ
3231,野村不動産ホールディングス,Prime,不動産業,内需・ディフェンシブ
3232,三重交通グループホールディングス,Prime,不動産業,内需・ディフェンシブ
3236,プロパスト,Standard,不動産業,内需・ディフェンシブ
3237,イントランス,Growth,不動産業,内需・ディフェンシブ
3238,セントラル総合開発,Standard,不動産業,内需・ディフェンシブ
3241,ウィル,Standard,不動産業,内需・ディフェンシブ
3242,アーバネットコーポレーション,Standard,不動産業,内需・ディフェンシブ
3245,ディア・ライフ,Prime,不動産業,内需・ディフェンシブ
3246,コーセーアールイー,Standard,不動産業,内需・ディフェンシブ
3248,アールエイジ,Standard,不動産業,内需・ディフェンシブ
3252,地主,Prime,不動産業,内需・ディフェンシブ
3261,グランディーズ,Growth,不動産業,内需・ディフェンシブ
3266,ファンドクリエーショングループ,Standard,不動産業,内需・ディフェンシブ
3267,フィル・カンパニー,Standard,建設業,内需・ディフェンシブ
3271,ＴＨＥグローバル社,Standard,不動産業,内需・ディフェンシブ
3276,ＪＰＭＣ,Prime,不動産業,内需・ディフェンシブ
3277,サンセイランディック,Standard,不動産業,内需・ディフェンシブ
3280,エストラスト,Standard,不動産業,内需・ディフェンシブ
3284,フージャースホールディングス,Prime,不動産業,内需・ディフェンシブ
3286,トラストホールディングス,Standard,不動産業,内需・ディフェンシブ
3288,オープンハウスグループ,Prime,不動産業,内需・ディフェンシブ
3289,東急不動産ホールディングス,Prime,不動産業,内需・ディフェンシブ
3291,飯田グループホールディングス,Prime,不動産業,内需・ディフェンシブ
3293,アズマハウス,Standard,不動産業,内需・ディフェンシブ
3294,イーグランド,Standard,不動産業,内需・ディフェンシブ
3297,東武住販,Standard,不動産業,内需・ディフェンシブ
3299,ムゲンエステート,Standard,不動産業,内需・ディフェンシブ
3300,アンビション　ＤＸ　ホールディングス,Growth,不動産業,内需・ディフェンシブ
3302,帝国繊維,Prime,繊維製品,内需・ディフェンシブ
3306,日本製麻,Standard,卸売業,内需・ディフェンシブ
3315,日本コークス工業,Prime,石油・石炭製品,内需・ディフェンシブ
3317,フライングガーデン,Standard,小売業,内需・ディフェンシブ
3320,クロスプラス,Standard,卸売業,内需・ディフェンシブ
3321,ミタチ産業,Standard,卸売業,内需・ディフェンシブ
3323,レカム,Standard,卸売業,内需・ディフェンシブ
3326,ランシステム,Standard,サービス業,サービス
3329,東和フードサービス,Standard,小売業,内需・ディフェンシブ
3333,あさひ,Prime,小売業,内需・ディフェンシブ
3349,コスモス薬品,Prime,小売業,内需・ディフェンシブ
3350,メタプラネット,Standard,卸売業,内需・ディフェンシブ
3352,バッファロー,Standard,小売業,内需・ディフェンシブ
3353,メディカル一光グループ,Standard,小売業,内需・ディフェンシブ
3355,クリヤマホールディングス,Standard,卸売業,内需・ディフェンシブ
3358,Ｔｒａｉｌｈｅａｄ　Ｇｌｏｂａｌ　Ｈｏｌｄｉｎｇｓ,Standard,小売業,内需・ディフェンシブ
3359,ｃｏｔｔａ,Growth,卸売業,内需・ディフェンシブ
3360,シップヘルスケアホールディングス,Prime,卸売業,内需・ディフェンシブ
3361,トーエル,Standard,小売業,内需・ディフェンシブ
3370,フジタコーポレーション,Standard,小売業,内需・ディフェンシブ
3371,ソフトクリエイトホールディングス,Prime,情報・通信業,DX・SaaS
3372,関門海,Standard,小売業,内需・ディフェンシブ
3374,内外テック,Standard,卸売業,内需・ディフェンシブ
3375,ＺＯＡ,Standard,小売業,内需・ディフェンシブ
3377,バイク王＆カンパニー,Standard,卸売業,内需・ディフェンシブ
3382,セブン＆アイ・ホールディングス,Prime,小売業,内需・ディフェンシブ
3386,コスモ・バイオ,Standard,卸売業,内需・ディフェンシブ
3387,クリエイト・レストランツ・ホールディングス,Prime,小売業,内需・ディフェンシブ
3388,明治電機工業,Prime,卸売業,内需・ディフェンシブ
3391,ツルハホールディングス,Prime,小売業,内需・ディフェンシブ
3392,デリカフーズホールディングス,Standard,卸売業,内需・ディフェンシブ
3393,スターティアホールディングス,Prime,卸売業,内需・ディフェンシブ
3395,サンマルクホールディングス,Prime,小売業,内需・ディフェンシブ
3396,フェリシモ,Standard,小売業,内需・ディフェンシブ
3397,トリドールホールディングス,Prime,小売業,内需・ディフェンシブ
3399,丸千代山岡家,Standard,小売業,内需・ディフェンシブ
3401,帝人,Prime,繊維製品,内需・ディフェンシブ
3402,東レ,Prime,繊維製品,内需・ディフェンシブ
3405,クラレ,Prime,化学,半導体関連
3407,旭化成,Prime,化学,半導体関連
3409,北紡,Standard,繊維製品,内需・ディフェンシブ
3415,ＴＯＫＹＯ　ＢＡＳＥ,Prime,小売業,内需・ディフェンシブ
3416,ピクスタ,Standard,小売業,内需・ディフェンシブ
3417,大木ヘルスケアホールディングス,Standard,卸売業,内需・ディフェンシブ
3418,バルニバービ,Growth,小売業,内需・ディフェンシブ
3420,ケー・エフ・シー,Standard,金属製品,内需・ディフェンシブ
3421,稲葉製作所,Standard,金属製品,内需・ディフェンシブ
3422,Ｊ－ＭＡＸ,Standard,金属製品,内需・ディフェンシブ
3423,エスイー,Standard,金属製品,内需・ディフェンシブ
3426,アトムリビンテック,Standard,金属製品,内需・ディフェンシブ
3431,宮地エンジニアリンググループ,Prime,金属製品,内需・ディフェンシブ
3433,トーカロ,Prime,金属製品,内需・ディフェンシブ
3434,アルファＣｏ,Standard,金属製品,内需・ディフェンシブ
3435,サンコーテクノ,Standard,金属製品,内需・ディフェンシブ
3436,ＳＵＭＣＯ,Prime,金属製品,内需・ディフェンシブ
3437,特殊電極,Standard,金属製品,内需・ディフェンシブ
3439,三ツ知,Standard,金属製品,内需・ディフェンシブ
3440,日創グループ,Standard,金属製品,内需・ディフェンシブ
3441,山王,Standard,金属製品,内需・ディフェンシブ
3443,川田テクノロジーズ,Prime,金属製品,内需・ディフェンシブ
3444,菊池製作所,Standard,金属製品,内需・ディフェンシブ
3445,ＲＳ　Ｔｅｃｈｎｏｌｏｇｉｅｓ,Prime,金属製品,内需・ディフェンシブ
3446,ジェイテックコーポレーション,Standard,金属製品,内需・ディフェンシブ
3447,信和,Standard,金属製品,内需・ディフェンシブ
3448,清鋼材,PRO,金属製品,内需・ディフェンシブ
3449,テクノフレックス,Standard,金属製品,内需・ディフェンシブ
3450,サトウ産業,PRO,金属製品,内需・ディフェンシブ
3452,ビーロット,Standard,不動産業,内需・ディフェンシブ
3454,ファーストブラザーズ,Standard,不動産業,内需・ディフェンシブ
3457,Ａｎｄ　Ｄｏホールディングス,Prime,不動産業,内需・ディフェンシブ
3461,パルマ,Standard,不動産業,内需・ディフェンシブ
3465,ケイアイスター不動産,Prime,不動産業,内需・ディフェンシブ
3467,アグレ都市デザイン,Standard,不動産業,内需・ディフェンシブ
3469,デュアルタップ,Standard,不動産業,内需・ディフェンシブ
3474,Ｇ－ＦＡＣＴＯＲＹ,Growth,不動産業,内需・ディフェンシブ
3475,グッドコムアセット,Prime,不動産業,内需・ディフェンシブ
3477,フォーライフ,Growth,不動産業,内需・ディフェンシブ
3479,ティーケーピー,Growth,不動産業,内需・ディフェンシブ
3480,ジェイ・エス・ビー,Prime,不動産業,内需・ディフェンシブ
3482,ロードスターキャピタル,Prime,不動産業,内需・ディフェンシブ
3483,翔栄,PRO,不動産業,内需・ディフェンシブ
3484,イノベーションホールディングス,Standard,不動産業,内需・ディフェンシブ
3486,グローバル・リンク・マネジメント,Prime,不動産業,内需・ディフェンシブ
3489,フェイスネットワーク,Standard,不動産業,内需・ディフェンシブ
3490,アズ企画設計,Standard,不動産業,内需・ディフェンシブ
3491,ＧＡ　ｔｅｃｈｎｏｌｏｇｉｅｓ,Growth,不動産業,DX・SaaS
3494,マリオン,Standard,不動産業,内需・ディフェンシブ
3495,香陵住販,Standard,不動産業,内需・ディフェンシブ
3496,アズーム,Prime,不動産業,内需・ディフェンシブ
3498,霞ヶ関キャピタル,Prime,不動産業,内需・ディフェンシブ
3501,ＳＵＭＩＮＯＥ,Prime,繊維製品,内需・ディフェンシブ
3512,日本フエルト,Standard,繊維製品,内需・ディフェンシブ
3513,イチカワ,Standard,繊維製品,内需・ディフェンシブ
3521,テルマー湯ホールディングス,Standard,サービス業,サービス
3524,日東製網,Standard,繊維製品,内需・ディフェンシブ
3529,アツギ,Standard,繊維製品,内需・ディフェンシブ
3536,アクサスホールディングス,Standard,小売業,内需・ディフェンシブ
3537,昭栄薬品,Standard,卸売業,内需・ディフェンシブ
3538,ウイルプラスホールディングス,Standard,小売業,内需・ディフェンシブ
3539,ＪＭホールディングス,Prime,小売業,内需・ディフェンシブ
3541,農業総合研究所,Growth,卸売業,内需・ディフェンシブ
3542,ベガコーポレーション,Growth,小売業,内需・ディフェンシブ
3543,コメダホールディングス,Prime,卸売業,内需・ディフェンシブ
3544,サツドラホールディングス,Standard,小売業,内需・ディフェンシブ
3546,アレンザホールディングス,Prime,小売業,内需・ディフェンシブ
3547,ユニシアホールディングス,Standard,小売業,内需・ディフェンシブ
3548,バロックジャパンリミテッド,Prime,小売業,内需・ディフェンシブ
3549,クスリのアオキホールディングス,Prime,小売業,内需・ディフェンシブ
3550,スタジオアタオ,Growth,小売業,内需・ディフェンシブ
3551,ダイニック,Standard,繊維製品,内需・ディフェンシブ
3553,共和レザー,Standard,化学,半導体関連
3556,リネットジャパングループ,Growth,小売業,内需・ディフェンシブ
3557,ユナイテッド＆コレクティブ,Growth,小売業,内需・ディフェンシブ
3558,ジェイドグループ,Growth,小売業,内需・ディフェンシブ
3559,ピーバンドットコム,Standard,卸売業,内需・ディフェンシブ
3560,ほぼ日,Standard,小売業,内需・ディフェンシブ
3561,力の源ホールディングス,Prime,小売業,内需・ディフェンシブ
3562,Ｎｏ．１,Standard,卸売業,内需・ディフェンシブ
3563,ＦＯＯＤ　＆　ＬＩＦＥ　ＣＯＭＰＡＮＩＥＳ,Prime,小売業,内需・ディフェンシブ
3565,アセンテック,Standard,卸売業,内需・ディフェンシブ
3566,ユニフォームネクスト,Growth,小売業,内需・ディフェンシブ
3569,セーレン,Prime,繊維製品,内需・ディフェンシブ
3571,ソトー,Standard,繊維製品,内需・ディフェンシブ
3577,東海染工,Standard,繊維製品,内需・ディフェンシブ
3580,小松マテーレ,Prime,繊維製品,内需・ディフェンシブ
3583,オーベクス,Standard,繊維製品,内需・ディフェンシブ
3591,ワコールホールディングス,Prime,繊維製品,内需・ディフェンシブ
3593,ホギメディカル,Prime,繊維製品,内需・ディフェンシブ
3597,自重堂,Standard,繊維製品,内需・ディフェンシブ
3598,山喜,Standard,繊維製品,内需・ディフェンシブ
3600,フジックス,Standard,繊維製品,内需・ディフェンシブ
3607,クラウディアホールディングス,Standard,繊維製品,内需・ディフェンシブ
3608,ＴＳＩホールディングス,Prime,繊維製品,内需・ディフェンシブ
3611,マツオカコーポレーション,Standard,繊維製品,内需・ディフェンシブ
3612,ワールド,Prime,繊維製品,内需・ディフェンシブ
3622,ネットイヤーグループ,Growth,情報・通信業,DX・SaaS
3623,ビリングシステム,Growth,情報・通信業,DX・SaaS
3624,アクセルマーク,Growth,情報・通信業,DX・SaaS
3625,テックファームホールディングス,Growth,情報・通信業,DX・SaaS
3626,ＴＩＳ,Prime,情報・通信業,DX・SaaS
3627,テクミラホールディングス,Standard,情報・通信業,DX・SaaS
3628,データホライゾン,Growth,情報・通信業,DX・SaaS
3632,グリーホールディングス,Prime,情報・通信業,DX・SaaS
3633,ＧＭＯペパボ,Standard,情報・通信業,DX・SaaS
3634,ソケッツ,Standard,情報・通信業,DX・SaaS
3635,コーエーテクモホールディングス,Prime,情報・通信業,ゲーム・エンタメ
3636,三菱総合研究所,Prime,情報・通信業,DX・SaaS
3639,ボルテージ,Standard,情報・通信業,DX・SaaS
3640,電算,Standard,情報・通信業,DX・SaaS
3641,パピレス,Standard,情報・通信業,DX・SaaS
3645,メディカルネット,Growth,情報・通信業,DX・SaaS
3646,駅探,Growth,情報・通信業,DX・SaaS
3647,アスリナ,Standard,情報・通信業,DX・SaaS
3648,ＡＧＳ,Standard,情報・通信業,DX・SaaS
3649,ファインデックス,Prime,情報・通信業,DX・SaaS
3652,ディジタルメディアプロフェッショナル,Growth,情報・通信業,DX・SaaS
3653,モルフォ,Growth,情報・通信業,DX・SaaS
3656,ＫＬａｂ,Prime,情報・通信業,ゲーム・エンタメ
3657,ポールトゥウィンホールディングス,Prime,情報・通信業,DX・SaaS
3659,ネクソン,Prime,情報・通信業,DX・SaaS
3660,アイスタイル,Prime,情報・通信業,DX・SaaS
3661,エムアップホールディングス,Prime,情報・通信業,DX・SaaS
3662,エイチームホールディングス,Prime,情報・通信業,DX・SaaS
3663,セルシス,Prime,情報・通信業,DX・SaaS
3664,モブキャストホールディングス,Growth,情報・通信業,DX・SaaS
3665,エニグモ,Prime,情報・通信業,DX・SaaS
3667,ｅｎｉｓｈ,Standard,情報・通信業,DX・SaaS
3668,コロプラ,Prime,情報・通信業,DX・SaaS
3670,協立情報通信,Standard,情報・通信業,DX・SaaS
3671,ソフトマックス,Standard,情報・通信業,DX・SaaS
3672,オルトプラス,Standard,情報・通信業,DX・SaaS
3673,ブロードリーフ,Prime,情報・通信業,DX・SaaS
3674,オークファン,Growth,情報・通信業,DX・SaaS
3675,クロス・マーケティンググループ,Standard,情報・通信業,DX・SaaS
3676,デジタルハーツホールディングス,Prime,情報・通信業,DX・SaaS
3678,メディアドゥ,Prime,情報・通信業,DX・SaaS
3679,じげん,Prime,情報・通信業,DX・SaaS
3680,ホットリンク,Growth,情報・通信業,DX・SaaS
3681,ブイキューブ,Prime,情報・通信業,DX・SaaS
3682,エンカレッジ・テクノロジ,Standard,情報・通信業,DX・SaaS
3683,サイバーリンクス,Standard,情報・通信業,DX・SaaS
3686,ディー・エル・イー,Standard,情報・通信業,DX・SaaS
3687,フィックスターズ,Prime,情報・通信業,DX・SaaS
3690,イルグルム,Standard,情報・通信業,DX・SaaS
3691,デジタルプラス,Growth,情報・通信業,DX・SaaS
3692,ＦＦＲＩセキュリティ,Growth,情報・通信業,DX・SaaS
3694,オプティム,Prime,情報・通信業,DX・SaaS
3695,ＧＭＯプロダクトプラットフォーム,Growth,情報・通信業,DX・SaaS
3696,セレス,Prime,情報・通信業,DX・SaaS
3697,ＳＨＩＦＴ,Prime,情報・通信業,DX・SaaS
3698,ＣＲＩ・ミドルウェア,Standard,情報・通信業,DX・SaaS
3708,特種東海製紙,Prime,パルプ・紙,内需・ディフェンシブ
3710,ジョルダン,Standard,情報・通信業,DX・SaaS
3712,情報企画,Standard,情報・通信業,DX・SaaS
3719,ＡＩストーム,Standard,情報・通信業,DX・SaaS
3723,日本ファルコム,Growth,情報・通信業,DX・SaaS
3726,フォーシーズＨＤ,Standard,小売業,内需・ディフェンシブ
3727,アプリックス,Growth,情報・通信業,DX・SaaS
3733,ソフトウェア・サービス,Standard,情報・通信業,DX・SaaS
3741,セック,Prime,情報・通信業,DX・SaaS
3744,サイオス,Standard,情報・通信業,DX・SaaS
3747,インタートレード,Standard,情報・通信業,DX・SaaS
3750,ＡＤＲ１２０Ｓ,Standard,情報・通信業,DX・SaaS
3753,フライトソリューションズ,Standard,情報・通信業,DX・SaaS
3758,アエリア,Standard,情報・通信業,DX・SaaS
3760,ケイブ,Standard,情報・通信業,DX・SaaS
3762,テクマトリックス,Prime,情報・通信業,DX・SaaS
3763,プロシップ,Prime,情報・通信業,DX・SaaS
3765,ガンホー・オンライン・エンターテイメント,Prime,情報・通信業,ゲーム・エンタメ
3766,システムズ・デザイン,Standard,情報・通信業,DX・SaaS
3768,リスクモンスター,Standard,情報・通信業,DX・SaaS
3769,ＧＭＯペイメントゲートウェイ,Prime,情報・通信業,DX・SaaS
3771,システムリサーチ,Prime,情報・通信業,DX・SaaS
3772,ウェルス・マネジメント,Standard,不動産業,内需・ディフェンシブ
3773,アドバンスト・メディア,Growth,情報・通信業,DX・SaaS
3774,インターネットイニシアティブ,Prime,情報・通信業,DX・SaaS
3776,ブロードバンドタワー,Standard,情報・通信業,DX・SaaS
3777,環境フレンドリーホールディングス,Growth,情報・通信業,DX・SaaS
3778,さくらインターネット,Prime,情報・通信業,AI・データ
3779,ジェイ・エスコムホールディングス,Standard,情報・通信業,DX・SaaS
3787,テクノマセマティカル,Standard,情報・通信業,DX・SaaS
3788,ＧＭＯグローバルサイン・ホールディングス,Prime,情報・通信業,DX・SaaS
3791,ＩＧポート,Standard,情報・通信業,DX・SaaS
3793,ドリコム,Growth,情報・通信業,DX・SaaS
3796,いい生活,Standard,情報・通信業,DX・SaaS
3798,ＵＬＳグループ,Standard,情報・通信業,DX・SaaS
3799,キーウェアソリューションズ,Standard,情報・通信業,DX・SaaS
3800,ユニリタ,Standard,情報・通信業,DX・SaaS
3802,エコミック,Standard,情報・通信業,DX・SaaS
3803,イメージ情報開発,Growth,情報・通信業,DX・SaaS
3804,システム　ディ,Standard,情報・通信業,DX・SaaS
3807,フィスコ,Growth,情報・通信業,DX・SaaS
3810,サイバーステップホールディングス,Standard,情報・通信業,DX・SaaS
3815,メディア工房,Growth,情報・通信業,DX・SaaS
3816,大和コンピューター,Standard,情報・通信業,DX・SaaS
3817,ＳＲＡホールディングス,Prime,情報・通信業,DX・SaaS
3823,ＴＨＥ　ＷＨＹ　ＨＯＷ　ＤＯ　ＣＯＭＰＡＮＹ,Standard,情報・通信業,DX・SaaS
3825,リミックスポイント,Standard,小売業,内需・ディフェンシブ
3826,システムインテグレータ,Standard,情報・通信業,DX・SaaS
3834,朝日ネット,Prime,情報・通信業,DX・SaaS
3835,ｅＢＡＳＥ,Prime,情報・通信業,DX・SaaS
3836,アバントグループ,Prime,情報・通信業,DX・SaaS
3837,アドソル日進,Prime,情報・通信業,DX・SaaS
3839,ＯＤＫソリューションズ,Standard,情報・通信業,DX・SaaS
3840,パス,Standard,情報・通信業,DX・SaaS
3841,ジーダット,Standard,情報・通信業,DX・SaaS
3842,ネクストジェン,Standard,情報・通信業,DX・SaaS
3843,フリービット,Prime,情報・通信業,DX・SaaS
3844,コムチュア,Prime,情報・通信業,DX・SaaS
3845,アイフリークモバイル,Standard,情報・通信業,DX・SaaS
3848,データ・アプリケーション,Standard,情報・通信業,DX・SaaS
3850,エヌ・ティ・ティ・データ・イントラマート,Standard,情報・通信業,DX・SaaS
3851,日本一ソフトウェア,Standard,情報・通信業,DX・SaaS
3853,アステリア,Prime,情報・通信業,DX・SaaS
3854,アイル,Prime,情報・通信業,DX・SaaS
3856,Ａｂａｌａｎｃｅ,Standard,電気機器,半導体関連
3858,ユビキタスＡＩ,Standard,情報・通信業,DX・SaaS
3861,王子ホールディングス,Prime,パルプ・紙,内需・ディフェンシブ
3863,日本製紙,Prime,パルプ・紙,内需・ディフェンシブ
3864,三菱製紙,Prime,パルプ・紙,内需・ディフェンシブ
3865,北越コーポレーション,Prime,パルプ・紙,内需・ディフェンシブ
3877,中越パルプ工業,Prime,パルプ・紙,内需・ディフェンシブ
3878,巴川コーポレーション,Standard,化学,半導体関連
3880,大王製紙,Prime,パルプ・紙,内需・ディフェンシブ
3891,ニッポン高度紙工業,Standard,パルプ・紙,内需・ディフェンシブ
3892,岡山製紙,Standard,パルプ・紙,内需・ディフェンシブ
3895,ハビックス,Standard,パルプ・紙,内需・ディフェンシブ
3896,阿波製紙,Standard,パルプ・紙,内需・ディフェンシブ
3900,クラウドワークス,Growth,情報・通信業,DX・SaaS
3901,マークラインズ,Prime,情報・通信業,DX・SaaS
3902,メディカル・データ・ビジョン,Prime,情報・通信業,DX・SaaS
3903,ｇｕｍｉ,Prime,情報・通信業,DX・SaaS
3904,カヤック,Growth,情報・通信業,DX・SaaS
3905,データセクション,Growth,情報・通信業,DX・SaaS
3907,シリコンスタジオ,Standard,情報・通信業,DX・SaaS
3908,コラボス,Growth,情報・通信業,DX・SaaS
3909,ショーケース,Standard,情報・通信業,DX・SaaS
3910,エムケイシステム,Standard,情報・通信業,DX・SaaS
3911,Ａｉｍｉｎｇ,Growth,情報・通信業,DX・SaaS
3912,モバイルファクトリー,Standard,情報・通信業,DX・SaaS
3913,ＧｒｅｅｎＢｅｅ,Standard,情報・通信業,DX・SaaS
3914,ＪＩＧ－ＳＡＷ,Growth,情報・通信業,DX・SaaS
3915,テラスカイ,Prime,情報・通信業,DX・SaaS
3916,デジタル・インフォメーション・テクノロジー,Prime,情報・通信業,DX・SaaS
3917,アイリッジ,Growth,情報・通信業,DX・SaaS
3918,ＰＣＩホールディングス,Standard,情報・通信業,DX・SaaS
3920,アイビーシー,Standard,情報・通信業,DX・SaaS
3921,ネオジャパン,Prime,情報・通信業,DX・SaaS
3922,ＰＲ　ＴＩＭＥＳ,Prime,情報・通信業,DX・SaaS
3923,ラクス,Prime,情報・通信業,DX・SaaS
3925,ダブルスタンダード,Prime,情報・通信業,DX・SaaS
3926,オープンドア,Standard,情報・通信業,DX・SaaS
3927,フーバーブレイン,Standard,情報・通信業,DX・SaaS
3928,マイネット,Standard,情報・通信業,DX・SaaS
3929,ソーシャルワイヤー,Growth,情報・通信業,DX・SaaS
3930,はてな,Growth,情報・通信業,DX・SaaS
3931,バリューゴルフ,Growth,情報・通信業,DX・SaaS
3932,アカツキ,Prime,情報・通信業,DX・SaaS
3933,チエル,Standard,情報・通信業,DX・SaaS
3934,ベネフィットジャパン,Standard,情報・通信業,DX・SaaS
3935,エディア,Standard,情報・通信業,DX・SaaS
3936,グローバルウェイ,Growth,情報・通信業,DX・SaaS
3937,Ｕｂｉｃｏｍホールディングス,Standard,情報・通信業,DX・SaaS
3939,カナミックネットワーク,Prime,情報・通信業,DX・SaaS
3940,ノムラシステムコーポレーション,Standard,情報・通信業,DX・SaaS
3941,レンゴー,Prime,パルプ・紙,内需・ディフェンシブ
3943,大石産業,Standard,パルプ・紙,内需・ディフェンシブ
3944,古林紙工,Standard,パルプ・紙,内需・ディフェンシブ
3945,スーパーバッグ,Standard,パルプ・紙,内需・ディフェンシブ
3946,トーモク,Prime,パルプ・紙,内需・ディフェンシブ
3947,ダイナパック,Standard,パルプ・紙,内需・ディフェンシブ
3948,光ビジネスフォーム,Standard,パルプ・紙,内需・ディフェンシブ
3950,ザ・パック,Prime,パルプ・紙,内需・ディフェンシブ
3951,朝日印刷,Standard,パルプ・紙,内需・ディフェンシブ
3953,大村紙業,Standard,パルプ・紙,内需・ディフェンシブ
3954,昭和パックス,Standard,パルプ・紙,内需・ディフェンシブ
3955,イムラ,Standard,パルプ・紙,内需・ディフェンシブ
3958,笹徳印刷,Standard,パルプ・紙,内需・ディフェンシブ
3962,チェンジホールディングス,Prime,情報・通信業,DX・SaaS
3963,シンクロ・フード,Prime,情報・通信業,DX・SaaS
3964,オークネット,Prime,情報・通信業,DX・SaaS
3965,キャピタル・アセット・プランニング,Standard,情報・通信業,DX・SaaS
3967,エルテス,Growth,情報・通信業,DX・SaaS
3968,セグエグループ,Prime,情報・通信業,DX・SaaS
3969,エイトレッド,Standard,情報・通信業,DX・SaaS
3970,イノベーション,Growth,情報・通信業,DX・SaaS
3974,ＳＣＡＴ,Standard,情報・通信業,DX・SaaS
3976,シャノン,Growth,情報・通信業,DX・SaaS
3979,うるる,Growth,情報・通信業,DX・SaaS
3981,ビーグリー,Standard,情報・通信業,DX・SaaS
3983,オロ,Prime,情報・通信業,DX・SaaS
3984,ユーザーローカル,Prime,情報・通信業,DX・SaaS
3985,テモナ,Standard,情報・通信業,DX・SaaS
3986,ビーブレイクシステムズ,Standard,情報・通信業,DX・SaaS
3987,エコモット,Growth,情報・通信業,DX・SaaS
3988,ＳＹＳホールディングス,Standard,情報・通信業,DX・SaaS
3989,シェアリングテクノロジー,Growth,情報・通信業,DX・SaaS
3991,ウォンテッドリー,Growth,情報・通信業,DX・SaaS
3992,ニーズウェル,Prime,情報・通信業,DX・SaaS
3993,ＰＫＳＨＡ　Ｔｅｃｈｎｏｌｏｇｙ,Prime,情報・通信業,AI・データ
3994,マネーフォワード,Prime,情報・通信業,フィンテック・暗号資産
3996,サインポスト,Standard,情報・通信業,DX・SaaS
3997,トレードワークス,Standard,情報・通信業,DX・SaaS
3998,すららネット,Growth,情報・通信業,DX・SaaS
4004,レゾナック・ホールディングス,Prime,化学,半導体関連
4005,住友化学,Prime,化学,半導体関連
4008,住友精化,Prime,化学,半導体関連
4011,ヘッドウォータース,Growth,情報・通信業,DX・SaaS
4012,アクシス,Standard,情報・通信業,DX・SaaS
4013,勤次郎,Growth,情報・通信業,DX・SaaS
4014,カラダノート,Growth,情報・通信業,DX・SaaS
4015,ペイクラウドホールディングス,Growth,情報・通信業,DX・SaaS
4016,ＭＩＴホールディングス,Standard,情報・通信業,DX・SaaS
4017,クリーマ,Growth,情報・通信業,DX・SaaS
4019,スタメン,Growth,情報・通信業,DX・SaaS
4020,ビートレンド,Growth,情報・通信業,DX・SaaS
4021,日産化学,Prime,化学,半導体関連
4022,ラサ工業,Prime,化学,半導体関連
4023,クレハ,Prime,化学,半導体関連
4025,多木化学,Prime,化学,半導体関連
4026,神島化学工業,Standard,ガラス・土石製品,内需・ディフェンシブ
4027,テイカ,Prime,化学,半導体関連
4028,石原産業,Prime,化学,半導体関連
4031,片倉コープアグリ,Standard,化学,半導体関連
4040,南海化学,Standard,化学,半導体関連
4041,日本曹達,Prime,化学,半導体関連
4042,東ソー,Prime,化学,半導体関連
4043,トクヤマ,Prime,化学,半導体関連
4044,セントラル硝子,Prime,化学,半導体関連
4045,東亞合成,Prime,化学,半導体関連
4046,大阪ソーダ,Prime,化学,半導体関連
4047,関東電化工業,Prime,化学,半導体関連
4051,ＧＭＯフィナンシャルゲート,Prime,情報・通信業,DX・SaaS
4052,フィーチャ,Growth,情報・通信業,DX・SaaS
4053,Ｓｕｎ　Ａｓｔｅｒｉｓｋ,Prime,情報・通信業,DX・SaaS
4054,日本情報クリエイト,Growth,情報・通信業,DX・SaaS
4055,ティアンドエスグループ,Growth,情報・通信業,DX・SaaS
4056,ニューラルグループ,Growth,情報・通信業,DX・SaaS
4057,インターファクトリー,Growth,情報・通信業,DX・SaaS
4058,トヨクモ,Growth,情報・通信業,DX・SaaS
4059,まぐまぐ,Standard,情報・通信業,DX・SaaS
4060,ｒａｋｕｍｏ,Growth,情報・通信業,DX・SaaS
4061,デンカ,Prime,化学,半導体関連
4062,イビデン,Prime,電気機器,半導体関連
4063,信越化学工業,Prime,化学,半導体関連
4064,日本カーバイド工業,Prime,化学,半導体関連
4068,ベイシス,Growth,情報・通信業,DX・SaaS
4069,ＢｌｕｅＭｅｍｅ,Growth,情報・通信業,DX・SaaS
4071,プラスアルファ・コンサルティング,Prime,情報・通信業,DX・SaaS
4072,電算システムホールディングス,Prime,情報・通信業,DX・SaaS
4073,ジィ・シィ企画,Growth,情報・通信業,DX・SaaS
4074,ラキール,Growth,情報・通信業,DX・SaaS
4075,ブレインズテクノロジー,Growth,情報・通信業,DX・SaaS
4076,シイエヌエス,Growth,情報・通信業,DX・SaaS
4078,堺化学工業,Prime,化学,半導体関連
4082,第一稀元素化学工業,Prime,化学,半導体関連
4088,エア・ウォーター,Prime,化学,半導体関連
4091,日本酸素ホールディングス,Prime,化学,半導体関連
4092,日本化学工業,Prime,化学,半導体関連
4093,東邦アセチレン,Standard,化学,半導体関連
4094,日本化学産業,Standard,化学,半導体関連
4095,日本パーカライジング,Prime,化学,半導体関連
4097,高圧ガス工業,Prime,化学,半導体関連
4098,チタン工業,Standard,化学,半導体関連
4099,四国化成ホールディングス,Prime,化学,半導体関連
4100,戸田工業,Standard,化学,半導体関連
4102,丸尾カルシウム,Standard,化学,半導体関連
4107,伊勢化学工業,Standard,化学,半導体関連
4109,ステラ　ケミファ,Prime,化学,半導体関連
4112,保土谷化学工業,Prime,化学,半導体関連
4113,田岡化学工業,Standard,化学,半導体関連
4114,日本触媒,Prime,化学,半導体関連
4116,大日精化工業,Prime,化学,半導体関連
4118,カネカ,Prime,化学,半導体関連
4119,日本ピグメントホールディングス,Standard,化学,半導体関連
4120,スガイ化学工業,Standard,化学,半導体関連
4124,大阪油化工業,Standard,化学,半導体関連
4125,三和油化工業,Standard,化学,半導体関連
4151,協和キリン,Prime,医薬品,バイオ・医療
4165,プレイド,Growth,情報・通信業,AI・データ
4166,かっこ,Growth,情報・通信業,DX・SaaS
4167,ココペリ,Growth,情報・通信業,DX・SaaS
4168,ヤプリ,Growth,情報・通信業,DX・SaaS
4169,ＥＮＥＣＨＡＮＧＥ,Growth,情報・通信業,DX・SaaS
4170,Ｋａｉｚｅｎ　Ｐｌａｔｆｏｒｍ,Growth,情報・通信業,DX・SaaS
4171,グローバルインフォメーション,Standard,情報・通信業,DX・SaaS
4172,Ｈｉクラテス,Standard,情報・通信業,DX・SaaS
4174,アピリッツ,Standard,情報・通信業,DX・SaaS
4175,ｃｏｌｙ,Growth,情報・通信業,DX・SaaS
4176,ココナラ,Growth,情報・通信業,DX・SaaS
4177,ｉ‐ｐｌｕｇ,Growth,情報・通信業,DX・SaaS
4178,Ｓｈａｒｉｎｇ　Ｉｎｎｏｖａｔｉｏｎｓ,Growth,情報・通信業,DX・SaaS
4179,ジーネクスト,Growth,情報・通信業,DX・SaaS
4180,Ａｐｐｉｅｒ　Ｇｒｏｕｐ,Prime,情報・通信業,DX・SaaS
4182,三菱瓦斯化学,Prime,化学,半導体関連
4183,三井化学,Prime,化学,半導体関連
4186,東京応化工業,Prime,化学,半導体関連
4187,大阪有機化学工業,Prime,化学,半導体関連
4188,三菱ケミカルグループ,Prime,化学,半導体関連
4189,ＫＨネオケム,Prime,化学,半導体関連
4192,スパイダープラス,Growth,情報・通信業,DX・SaaS
4193,ファブリカホールディングス,Standard,情報・通信業,DX・SaaS
4194,ビジョナル,Prime,情報・通信業,教育・HR
4196,ネオマーケティング,Standard,情報・通信業,DX・SaaS
4197,アスマーク,Standard,情報・通信業,DX・SaaS
4198,テンダ,Standard,情報・通信業,DX・SaaS
4199,ワンダープラネット,Growth,情報・通信業,DX・SaaS
4202,ダイセル,Prime,化学,半導体関連
4203,住友ベークライト,Prime,化学,半導体関連
4204,積水化学工業,Prime,化学,半導体関連
4205,日本ゼオン,Prime,化学,半導体関連
4206,アイカ工業,Prime,化学,半導体関連
4208,ＵＢＥ,Prime,化学,半導体関連
4212,積水樹脂,Prime,化学,半導体関連
4216,旭有機材,Prime,化学,半導体関連
4218,ニチバン,Prime,化学,半導体関連
4220,リケンテクノス,Prime,化学,半導体関連
4221,大倉工業,Prime,化学,半導体関連
4222,児玉化学工業,Standard,化学,半導体関連
4224,ロンシール工業,Standard,化学,半導体関連
4228,積水化成品工業,Prime,化学,半導体関連
4229,群栄化学工業,Prime,化学,半導体関連
4231,タイガースポリマー,Standard,化学,半導体関連
4234,サンエー化研,Standard,化学,半導体関連
4235,ウルトラファブリックス・ホールディングス,Standard,化学,半導体関連
4237,フジプレアム,Standard,化学,半導体関連
4238,ミライアル,Standard,化学,半導体関連
4240,クラスターテクノロジー,Standard,化学,半導体関連
4241,アテクト,Standard,化学,半導体関連
4242,タカギセイコー,Standard,化学,半導体関連
4243,ニックス,Standard,化学,半導体関連
4245,ダイキアクシス,Standard,化学,半導体関連
4246,ダイキョーニシカワ,Prime,化学,半導体関連
4247,ポバール興業,Standard,化学,半導体関連
4248,竹本容器,Standard,化学,半導体関連
4249,森六,Prime,化学,半導体関連
4251,恵和,Prime,化学,半導体関連
4255,ＴＨＥＣＯＯ,Growth,情報・通信業,DX・SaaS
4256,サインド,Growth,情報・通信業,DX・SaaS
4258,網屋,Growth,情報・通信業,DX・SaaS
4259,エクサウィザーズ,Growth,情報・通信業,DX・SaaS
4260,ハイブリッドテクノロジーズ,Growth,情報・通信業,DX・SaaS
4261,アジアクエスト,Growth,情報・通信業,DX・SaaS
4262,ニフティライフスタイル,Growth,情報・通信業,DX・SaaS
4263,サスメド,Growth,情報・通信業,DX・SaaS
4264,セキュア,Growth,情報・通信業,DX・SaaS
4265,Ｉｎｓｔｉｔｕｔｉｏｎ　ｆｏｒ　ａ　Ｇｌｏｂａｌ　Ｓｏｃｉｅｔｙ,Growth,情報・通信業,DX・SaaS
4270,ＢｅｅＸ,Growth,情報・通信業,DX・SaaS
4272,日本化薬,Prime,化学,半導体関連
4274,細谷火工,Standard,化学,半導体関連
4275,カーリット,Prime,化学,半導体関連
4284,ソルクシーズ,Standard,情報・通信業,DX・SaaS
4286,ＣＬホールディングス,Standard,サービス業,サービス
4287,ジャストプランニング,Standard,情報・通信業,DX・SaaS
4288,アズジェント,Standard,情報・通信業,DX・SaaS
4290,プレステージ・インターナショナル,Prime,サービス業,サービス
4293,セプテーニ・ホールディングス,Standard,サービス業,サービス
4299,ハイマックス,Standard,情報・通信業,DX・SaaS
4301,アミューズ,Prime,サービス業,サービス
4307,野村総合研究所,Prime,情報・通信業,DX・SaaS
4308,Ｊストリーム,Growth,情報・通信業,DX・SaaS
4310,ドリームインキュベータ,Prime,サービス業,サービス
4316,ビーマップ,Growth,情報・通信業,DX・SaaS
4317,レイ,Standard,サービス業,サービス
4318,クイック,Prime,サービス業,サービス
4320,ＣＥホールディングス,Standard,情報・通信業,DX・SaaS
4323,日本システム技術,Prime,情報・通信業,DX・SaaS
4324,電通グループ,Prime,サービス業,サービス
4326,インテージホールディングス,Prime,情報・通信業,DX・SaaS
4331,テイクアンドギヴ・ニーズ,Prime,サービス業,サービス
4334,ユークス,Standard,情報・通信業,DX・SaaS
4335,ＩＰＳホールディングス,Standard,情報・通信業,DX・SaaS
4337,ぴあ,Prime,サービス業,サービス
4341,西菱電機,Standard,サービス業,サービス
4343,イオンファンタジー,Prime,サービス業,サービス
4344,ソースネクスト,Prime,情報・通信業,DX・SaaS
4345,シーティーエス,Prime,サービス業,サービス
4346,ＮＥＸＹＺ．Ｇｒｏｕｐ,Standard,その他金融業,フィンテック・暗号資産
4347,ブロードメディア,Standard,サービス業,サービス
4350,メディカルシステムネットワーク,Standard,小売業,内需・ディフェンシブ
4351,山田再生系債権回収総合事務所,Standard,その他金融業,フィンテック・暗号資産
4356,応用技術,Standard,情報・通信業,DX・SaaS
4360,マナック・ケミカル・パートナーズ,Standard,化学,半導体関連
4361,川口化学工業,Standard,化学,半導体関連
4362,日本精化,Prime,化学,半導体関連
4365,松本油脂製薬,Standard,化学,半導体関連
4366,ダイトーケミックス,Standard,化学,半導体関連
4367,広栄化学,Standard,化学,半導体関連
4368,扶桑化学工業,Prime,化学,半導体関連
4369,トリケミカル研究所,Prime,化学,半導体関連
4370,モビルス,Growth,情報・通信業,DX・SaaS
4371,コアコンセプト・テクノロジー,Growth,情報・通信業,DX・SaaS
4372,ユミルリンク,Growth,情報・通信業,DX・SaaS
4373,シンプレクス・ホールディングス,Prime,情報・通信業,DX・SaaS
4374,ＲＯＢＯＴ　ＰＡＹＭＥＮＴ,Growth,情報・通信業,DX・SaaS
4375,セーフィー,Growth,情報・通信業,DX・SaaS
4376,くふうカンパニーホールディングス,Growth,情報・通信業,DX・SaaS
4377,ワンキャリア,Growth,情報・通信業,DX・SaaS
4378,ＣＩＮＣ,Growth,情報・通信業,DX・SaaS
4379,Ｐｈｏｔｏｓｙｎｔｈ,Growth,情報・通信業,DX・SaaS
4380,Ｍマート,Growth,情報・通信業,DX・SaaS
4381,ビープラッツ,Growth,情報・通信業,DX・SaaS
4382,ＨＥＲＯＺ,Standard,情報・通信業,DX・SaaS
4384,ラクスル,Prime,情報・通信業,DX・SaaS
4385,メルカリ,Prime,情報・通信業,EC・物流
4386,ＳＩＧグループ,Standard,情報・通信業,DX・SaaS
4387,ＺＵＵ,Growth,情報・通信業,DX・SaaS
4388,エーアイ,Standard,情報・通信業,DX・SaaS
4389,プロパティデータバンク,Growth,情報・通信業,DX・SaaS
4390,ＩＰＳ,Prime,情報・通信業,DX・SaaS
4391,ロジザード,Growth,情報・通信業,DX・SaaS
4392,ＦＩＧ,Prime,情報・通信業,DX・SaaS
4393,バンク・オブ・イノベーション,Growth,情報・通信業,DX・SaaS
4394,エクスモーション,Growth,情報・通信業,DX・SaaS
4395,アクリート,Growth,情報・通信業,DX・SaaS
4396,システムサポートホールディングス,Prime,情報・通信業,DX・SaaS
4397,チームスピリット,Growth,情報・通信業,DX・SaaS
4398,ブロードバンドセキュリティ,Standard,情報・通信業,DX・SaaS
4401,ＡＤＥＫＡ,Prime,化学,半導体関連
4403,日油,Prime,化学,半導体関連
4404,ミヨシ油脂,Standard,食料品,内需・ディフェンシブ
4406,新日本理化,Standard,化学,半導体関連
4409,東邦化学工業,Standard,化学,半導体関連
4410,ハリマ化成グループ,Prime,化学,半導体関連
4412,サイエンスアーツ,Growth,情報・通信業,DX・SaaS
4413,ボードルア,Prime,情報・通信業,DX・SaaS
4414,フレクト,Growth,情報・通信業,DX・SaaS
4415,ブロードエンタープライズ,Growth,情報・通信業,DX・SaaS
4416,Ｔｒｕｅ　Ｄａｔａ,Growth,情報・通信業,DX・SaaS
4417,グローバルセキュリティエキスパート,Growth,情報・通信業,DX・SaaS
4418,ＪＤＳＣ,Growth,情報・通信業,DX・SaaS
4419,Ｆｉｎａｔｅｘｔホールディングス,Growth,情報・通信業,DX・SaaS
4420,イーソル,Standard,情報・通信業,DX・SaaS
4421,ディ・アイ・システム,Standard,情報・通信業,DX・SaaS
4422,ＶＡＬＵＥＮＥＸ,Growth,情報・通信業,DX・SaaS
4424,Ａｍａｚｉａ,Growth,情報・通信業,DX・SaaS
4425,Ｋｕｄａｎ,Growth,情報・通信業,DX・SaaS
4426,パスロジ,PRO,情報・通信業,DX・SaaS
4427,ＥｄｕＬａｂ,Growth,情報・通信業,DX・SaaS
4428,シノプス,Growth,情報・通信業,DX・SaaS
4429,リックソフト,Growth,情報・通信業,DX・SaaS
4430,東海ソフト,Standard,情報・通信業,DX・SaaS
4431,スマレジ,Growth,情報・通信業,DX・SaaS
4432,ウイングアーク１ｓｔ,Prime,情報・通信業,DX・SaaS
4433,ヒト・コミュニケーションズ・ホールディングス,Prime,情報・通信業,DX・SaaS
4434,サーバーワークス,Standard,情報・通信業,DX・SaaS
4436,ミンカブ・ジ・インフォノイド,Growth,情報・通信業,DX・SaaS
4437,ｇｏｏｄｄａｙｓホールディングス,Growth,情報・通信業,DX・SaaS
4438,Ｗｅｌｂｙ,Growth,情報・通信業,DX・SaaS
4439,東名,Standard,情報・通信業,DX・SaaS
4440,ヴィッツ,Standard,情報・通信業,DX・SaaS
4441,トビラシステムズ,Standard,情報・通信業,DX・SaaS
4442,バルテス・ホールディングス,Growth,情報・通信業,DX・SaaS
4443,Ｓａｎｓａｎ,Prime,情報・通信業,DX・SaaS
4444,インフォネット,Growth,情報・通信業,DX・SaaS
4445,リビン・テクノロジーズ,Growth,情報・通信業,DX・SaaS
4446,Ｌｉｎｋ－Ｕグループ,Prime,情報・通信業,DX・SaaS
4447,ピー・ビーシステムズ,Growth,情報・通信業,DX・SaaS
4448,ｋｕｂｅｌｌ,Growth,情報・通信業,DX・SaaS
4449,ギフティ,Prime,情報・通信業,DX・SaaS
4450,パワーソリューションズ,Growth,情報・通信業,DX・SaaS
4452,花王,Prime,化学,半導体関連
4461,第一工業製薬,Prime,化学,半導体関連
4462,石原ケミカル,Prime,化学,半導体関連
4463,日華化学,Standard,化学,半導体関連
4464,ソフト９９コーポレーション,Standard,化学,半導体関連
4465,ニイタカ,Standard,化学,半導体関連
4471,三洋化成工業,Prime,化学,半導体関連
4475,ＨＥＮＮＧＥ,Growth,情報・通信業,DX・SaaS
4476,ＡＩ　ＣＲＯＳＳ,Growth,情報・通信業,DX・SaaS
4477,ＢＡＳＥ,Growth,情報・通信業,EC・物流
4478,フリー,Growth,情報・通信業,DX・SaaS
4479,マクアケ,Growth,情報・通信業,DX・SaaS
4480,メドレー,Prime,情報・通信業,バイオ・医療
4481,ベース,Prime,情報・通信業,DX・SaaS
4482,ウィルズ,Growth,情報・通信業,DX・SaaS
4483,ＪＭＤＣ,Prime,情報・通信業,DX・SaaS
4484,ランサーズ,Growth,情報・通信業,DX・SaaS
4486,ユナイトアンドグロウ,Growth,情報・通信業,DX・SaaS
4487,スペースマーケット,Growth,情報・通信業,DX・SaaS
4488,ＡＩ　ｉｎｓｉｄｅ,Growth,情報・通信業,DX・SaaS
4490,ビザスク,Growth,情報・通信業,DX・SaaS
4491,コンピューターマネージメント,Standard,情報・通信業,DX・SaaS
4492,ゼネテック,Standard,情報・通信業,DX・SaaS
4493,サイバーセキュリティクラウド,Growth,情報・通信業,DX・SaaS
4494,バリオセキュア,Standard,情報・通信業,DX・SaaS
4495,アイキューブドシステムズ,Growth,情報・通信業,DX・SaaS
4496,コマースＯｎｅホールディングス,Growth,情報・通信業,DX・SaaS
4498,サイバートラスト,Growth,情報・通信業,DX・SaaS
4499,Ｓｐｅｅｅ,Standard,情報・通信業,DX・SaaS
4502,武田薬品工業,Prime,医薬品,バイオ・医療
4503,アステラス製薬,Prime,医薬品,バイオ・医療
4506,住友ファーマ,Prime,医薬品,バイオ・医療
4507,塩野義製薬,Prime,医薬品,バイオ・医療
4512,わかもと製薬,Standard,医薬品,バイオ・医療
4516,日本新薬,Prime,医薬品,バイオ・医療
4519,中外製薬,Prime,医薬品,バイオ・医療
4521,科研製薬,Prime,医薬品,バイオ・医療
4523,エーザイ,Prime,医薬品,バイオ・医療
4524,森下仁丹,Standard,医薬品,バイオ・医療
4526,理研ビタミン,Prime,食料品,内需・ディフェンシブ
4527,ロート製薬,Prime,医薬品,バイオ・医療
4528,小野薬品工業,Prime,医薬品,バイオ・医療
4530,久光製薬,Prime,医薬品,バイオ・医療
4531,有機合成薬品工業,Standard,化学,半導体関連
4534,持田製薬,Prime,医薬品,バイオ・医療
4536,参天製薬,Prime,医薬品,バイオ・医療
4538,扶桑薬品工業,Prime,医薬品,バイオ・医療
4539,日本ケミファ,Standard,医薬品,バイオ・医療
4540,ツムラ,Prime,医薬品,バイオ・医療
4543,テルモ,Prime,精密機器,半導体関連
4544,Ｈ．Ｕ．グループホールディングス,Prime,サービス業,サービス
4547,キッセイ薬品工業,Prime,医薬品,バイオ・医療
4548,生化学工業,Prime,医薬品,バイオ・医療
4549,栄研化学,Prime,医薬品,バイオ・医療
4552,ＪＣＲファーマ,Prime,医薬品,バイオ・医療
4553,東和薬品,Prime,医薬品,バイオ・医療
4554,富士製薬工業,Prime,医薬品,バイオ・医療
4556,カイノス,Standard,医薬品,バイオ・医療
4558,中京医薬品,Standard,医薬品,バイオ・医療
4559,ゼリア新薬工業,Prime,医薬品,バイオ・医療
4563,アンジェス,Growth,医薬品,バイオ・医療
4564,オンコセラピー・サイエンス,Growth,医薬品,バイオ・医療
4565,ネクセラファーマ,Prime,医薬品,バイオ・医療
4568,第一三共,Prime,医薬品,バイオ・医療
4569,杏林製薬,Prime,医薬品,バイオ・医療
4570,免疫生物研究所,Growth,医薬品,バイオ・医療
4571,ＮＡＮＯホールディングス,Growth,医薬品,バイオ・医療
4572,カルナバイオサイエンス,Growth,医薬品,バイオ・医療
4574,大幸薬品,Prime,医薬品,バイオ・医療
4575,キャンバス,Growth,医薬品,バイオ・医療
4576,デ・ウエスタン・セラピテクス研究所,Growth,医薬品,バイオ・医療
4577,ダイト,Prime,医薬品,バイオ・医療
4578,大塚ホールディングス,Prime,医薬品,バイオ・医療
4579,ラクオリア創薬,Growth,医薬品,バイオ・医療
4582,シンバイオ製薬,Growth,医薬品,バイオ・医療
4583,カイオム・バイオサイエンス,Growth,医薬品,バイオ・医療
4584,キッズウェル・バイオ,Growth,医薬品,バイオ・医療
4586,メドレックス,Growth,医薬品,バイオ・医療
4587,ペプチドリーム,Prime,医薬品,バイオ・医療
4588,オンコリスバイオファーマ,Growth,医薬品,バイオ・医療
4591,リボミック,Growth,医薬品,バイオ・医療
4592,サンバイオ,Growth,医薬品,バイオ・医療
4593,ヘリオス,Growth,医薬品,バイオ・医療
4594,ブライトパス・バイオ,Growth,医薬品,バイオ・医療
4595,ミズホメディー,Standard,医薬品,バイオ・医療
4596,窪田製薬ホールディングス,Growth,医薬品,バイオ・医療
4597,ソレイジア・ファーマ,Growth,医薬品,バイオ・医療
4598,Ｄｅｌｔａ－Ｆｌｙ　Ｐｈａｒｍａ,Growth,医薬品,バイオ・医療
4599,ステムリム,Growth,医薬品,バイオ・医療
4611,大日本塗料,Prime,化学,半導体関連
4612,日本ペイントホールディングス,Prime,化学,半導体関連
4613,関西ペイント,Prime,化学,半導体関連
4615,神東塗料,Standard,化学,半導体関連
4616,川上塗料,Standard,化学,半導体関連
4617,中国塗料,Prime,化学,半導体関連
4619,日本特殊塗料,Standard,化学,半導体関連
4620,藤倉化成,Standard,化学,半導体関連
4623,アサヒペン,Standard,化学,半導体関連
4624,イサム塗料,Standard,化学,半導体関連
4625,アトミクス,Standard,化学,半導体関連
4626,太陽ホールディングス,Prime,化学,半導体関連
4627,ナトコ,Standard,化学,半導体関連
4628,エスケー化研,Standard,化学,半導体関連
4629,大伸化学,Standard,化学,半導体関連
4631,ＤＩＣ,Prime,化学,半導体関連
4633,サカタインクス,Prime,化学,半導体関連
4634,ａｒｔｉｅｎｃｅ,Prime,化学,半導体関連
4635,東京インキ,Standard,化学,半導体関連
4641,アルプス技研,Prime,サービス業,サービス
4642,オリジナル設計,Standard,サービス業,サービス
4644,イマジニア,Standard,情報・通信業,DX・SaaS
4645,市進ホールディングス,Standard,サービス業,サービス
4650,ＳＤエンターテイメント,Standard,サービス業,サービス
4651,サニックスホールディングス,Standard,サービス業,サービス
4657,環境管理センター,Standard,サービス業,サービス
4658,日本空調サービス,Prime,サービス業,サービス
4659,エイジス,Standard,サービス業,サービス
4661,オリエンタルランド,Prime,サービス業,サービス
4662,フォーカスシステムズ,Prime,情報・通信業,DX・SaaS
4664,アール・エス・シー,Standard,サービス業,サービス
4665,ダスキン,Prime,サービス業,サービス
4666,パーク２４,Prime,不動産業,内需・ディフェンシブ
4667,アイサンテクノロジー,Standard,情報・通信業,DX・SaaS
4668,明光ネットワークジャパン,Prime,サービス業,サービス
4671,ファルコホールディングス,Standard,サービス業,サービス
4673,川崎地質,Standard,サービス業,サービス
4674,クレスコ,Prime,情報・通信業,DX・SaaS
4676,フジ・メディア・ホールディングス,Prime,情報・通信業,DX・SaaS
4678,秀英予備校,Standard,サービス業,サービス
4679,田谷,Standard,サービス業,サービス
4680,ラウンドワン,Prime,サービス業,サービス
4681,リゾートトラスト,Prime,サービス業,サービス
4684,オービック,Prime,情報・通信業,DX・SaaS
4685,菱友システムズ,Standard,情報・通信業,DX・SaaS
4686,ジャストシステム,Prime,情報・通信業,DX・SaaS
4687,ＴＤＣソフト,Prime,情報・通信業,DX・SaaS
4689,ＬＩＮＥヤフー,Prime,情報・通信業,DX・SaaS
4690,日本パレットプール,Standard,サービス業,サービス
4691,ワシントンホテル,Standard,サービス業,サービス
4694,ビー・エム・エル,Prime,サービス業,サービス
4704,トレンドマイクロ,Prime,情報・通信業,DX・SaaS
4705,クリップコーポレーション,Standard,サービス業,サービス
4707,キタック,Standard,サービス業,サービス
4709,ＩＤホールディングス,Prime,情報・通信業,DX・SaaS
4712,ＫｅｙＨｏｌｄｅｒ,Standard,サービス業,サービス
4714,リソー教育グループ,Prime,サービス業,サービス
4716,日本オラクル,Standard,情報・通信業,DX・SaaS
4718,早稲田アカデミー,Prime,サービス業,サービス
4719,アルファシステムズ,Prime,情報・通信業,DX・SaaS
4720,城南進学研究社,Standard,サービス業,サービス
4722,フューチャー,Prime,情報・通信業,DX・SaaS
4725,ＣＡＣ　Ｈｏｌｄｉｎｇｓ,Prime,情報・通信業,DX・SaaS
4728,トーセ,Standard,情報・通信業,DX・SaaS
4732,ユー・エス・エス,Prime,サービス業,サービス
4733,オービックビジネスコンサルタント,Prime,情報・通信業,DX・SaaS
4735,京進,Standard,サービス業,サービス
4736,日本ラッド,Standard,情報・通信業,DX・SaaS
4743,アイティフォー,Prime,情報・通信業,DX・SaaS
4746,東計電算,Standard,情報・通信業,DX・SaaS
4750,ダイサン,Standard,サービス業,サービス
4751,サイバーエージェント,Prime,サービス業,サービス
4752,昭和システムエンジニアリング,Standard,情報・通信業,DX・SaaS
4754,トスネット,Standard,サービス業,サービス
4755,楽天グループ,Prime,サービス業,サービス
4760,アルファ,Standard,サービス業,サービス
4761,さくらケーシーエス,Standard,情報・通信業,DX・SaaS
4762,エックスネット,Standard,情報・通信業,DX・SaaS
4763,クリーク・アンド・リバー社,Prime,サービス業,サービス
4765,ＳＢＩグローバルアセットマネジメント,Prime,サービス業,サービス
4766,ピーエイ,Standard,サービス業,サービス
4767,テー・オー・ダブリュー,Standard,サービス業,サービス
4768,大塚商会,Prime,情報・通信業,DX・SaaS
4769,ＩＣ,Standard,情報・通信業,DX・SaaS
4771,エフアンドエム,Standard,サービス業,サービス
4772,ＳＭ　ＥＮＴＥＲＴＡＩＮＭＥＮＴ　ＪＡＰＡＮ,Growth,情報・通信業,DX・SaaS
4776,サイボウズ,Prime,情報・通信業,DX・SaaS
4777,ガーラ,Standard,情報・通信業,DX・SaaS
4783,ＮＣＤ,Standard,情報・通信業,DX・SaaS
4784,ＧＭＯインターネット,Prime,サービス業,サービス
4792,山田コンサルティンググループ,Prime,サービス業,サービス
4800,オリコン,Standard,情報・通信業,DX・SaaS
4801,セントラルスポーツ,Prime,サービス業,サービス
4809,パラカ,Prime,不動産業,内需・ディフェンシブ
4811,ドリーム・アーツ,Growth,情報・通信業,DX・SaaS
4812,電通総研,Prime,情報・通信業,DX・SaaS
4813,ＡＣＣＥＳＳ,Prime,情報・通信業,DX・SaaS
4814,ネクストウェア,Standard,情報・通信業,DX・SaaS
4816,東映アニメーション,Standard,情報・通信業,DX・SaaS
4819,デジタルガレージ,Prime,情報・通信業,DX・SaaS
4820,イーエムシステムズ,Prime,情報・通信業,DX・SaaS
4825,ウェザーニューズ,Prime,情報・通信業,DX・SaaS
4826,ＣＩＪ,Prime,情報・通信業,DX・SaaS
4828,ビジネスエンジニアリング,Prime,情報・通信業,DX・SaaS
4829,日本エンタープライズ,Standard,情報・通信業,DX・SaaS
4832,ＪＦＥシステムズ,Standard,情報・通信業,DX・SaaS
4833,Ｄｅｆ　ｃｏｎｓｕｌｔｉｎｇ,Growth,サービス業,サービス
4838,スペースシャワーＳＫＩＹＡＫＩホールディングス,Standard,情報・通信業,DX・SaaS
4839,ＷＯＷＯＷ,Prime,情報・通信業,DX・SaaS
4840,トライアイズ,Standard,サービス業,サービス
4845,スカラ,Prime,情報・通信業,DX・SaaS
4847,インテリジェント　ウェイブ,Prime,情報・通信業,DX・SaaS
4848,フルキャストホールディングス,Prime,サービス業,サービス
4849,エン,Prime,サービス業,サービス
4880,セルソース,Standard,医薬品,バイオ・医療
4881,ファンペップ,Growth,医薬品,バイオ・医療
4882,ペルセウスプロテオミクス,Growth,医薬品,バイオ・医療
4883,モダリス,Growth,医薬品,バイオ・医療
4884,クリングルファーマ,Growth,医薬品,バイオ・医療
4885,室町ケミカル,Standard,医薬品,バイオ・医療
4886,あすか製薬ホールディングス,Prime,医薬品,バイオ・医療
4887,サワイグループホールディングス,Prime,医薬品,バイオ・医療
4888,ステラファーマ,Growth,医薬品,バイオ・医療
4889,レナサイエンス,Growth,医薬品,バイオ・医療
4890,坪田ラボ,Growth,医薬品,バイオ・医療
4891,ティムス,Growth,医薬品,バイオ・医療
4892,サイフューズ,Growth,医薬品,バイオ・医療
4893,ノイルイミューン・バイオテック,Growth,医薬品,バイオ・医療
4894,クオリプス,Growth,医薬品,バイオ・医療
4896,ケイファーマ,Growth,医薬品,バイオ・医療
4901,富士フイルムホールディングス,Prime,化学,半導体関連
4902,コニカミノルタ,Prime,電気機器,半導体関連
4911,資生堂,Prime,化学,半導体関連
4912,ライオン,Prime,化学,半導体関連
4914,高砂香料工業,Prime,化学,半導体関連
4917,マンダム,Prime,化学,半導体関連
4918,アイビー化粧品,Standard,化学,半導体関連
4919,ミルボン,Prime,化学,半導体関連
4920,日本色材工業研究所,Standard,化学,半導体関連
4922,コーセーホールディングス,Prime,化学,半導体関連
4923,コタ,Prime,化学,半導体関連
4925,ハーバー研究所,Standard,化学,半導体関連
4926,シーボン,Standard,化学,半導体関連
4927,ポーラ・オルビスホールディングス,Prime,化学,半導体関連
4928,ノエビアホールディングス,Prime,化学,半導体関連
4929,アジュバンホールディングス,Standard,化学,半導体関連
4931,新日本製薬,Prime,化学,半導体関連
4932,アルマード,Standard,化学,半導体関連
4933,Ｉ－ｎｅ,Prime,化学,半導体関連
4934,プレミアアンチエイジング,Growth,化学,半導体関連
4935,リベルタ,Standard,化学,半導体関連
4936,アクシージア,Standard,化学,半導体関連
4937,Ｗａｑｏｏ,Growth,化学,半導体関連
4951,エステー,Prime,化学,半導体関連
4956,コニシ,Prime,化学,半導体関連
4958,長谷川香料,Prime,化学,半導体関連
4960,ケミプロ化成,Standard,化学,半導体関連
4966,上村工業,Standard,化学,半導体関連
4967,小林製薬,Prime,化学,半導体関連
4968,荒川化学工業,Prime,化学,半導体関連
4970,東洋合成工業,Standard,化学,半導体関連
4971,メック,Prime,化学,半導体関連
4972,綜研化学,Standard,化学,半導体関連
4973,日本高純度化学,Prime,化学,半導体関連
4974,タカラバイオ,Prime,化学,半導体関連
4975,ＪＣＵ,Prime,化学,半導体関連
4976,東洋ドライルーブ,Standard,化学,半導体関連
4977,新田ゼラチン,Standard,化学,半導体関連
4978,リプロセル,Growth,化学,半導体関連
4979,ＯＡＴアグリオ,Standard,化学,半導体関連
4980,デクセリアルズ,Prime,化学,半導体関連
4985,アース製薬,Prime,化学,半導体関連
4990,昭和化学工業,Standard,化学,半導体関連
4992,北興化学工業,Standard,化学,半導体関連
4994,大成ラミックグループ,Standard,化学,半導体関連
4996,クミアイ化学工業,Prime,化学,半導体関連
4997,日本農薬,Prime,化学,半導体関連
4998,フマキラー,Standard,化学,半導体関連
5010,日本精蝋,Standard,石油・石炭製品,内需・ディフェンシブ
5011,ニチレキグループ,Prime,石油・石炭製品,内需・ディフェンシブ
5013,ユシロ,Standard,石油・石炭製品,内需・ディフェンシブ
5015,ビーピー・カストロール,Standard,石油・石炭製品,内需・ディフェンシブ
5016,ＪＸ金属,Prime,非鉄金属,内需・ディフェンシブ
5018,ＭＯＲＥＳＣＯ,Standard,石油・石炭製品,内需・ディフェンシブ
5019,出光興産,Prime,石油・石炭製品,内需・ディフェンシブ
5020,ＥＮＥＯＳホールディングス,Prime,石油・石炭製品,内需・ディフェンシブ
5021,コスモエネルギーホールディングス,Prime,石油・石炭製品,内需・ディフェンシブ
5022,レボインターナショナル,PRO,石油・石炭製品,内需・ディフェンシブ
5025,マーキュリー,Growth,情報・通信業,DX・SaaS
5026,トリプルアイズ,Growth,情報・通信業,DX・SaaS
5027,ＡｎｙＭｉｎｄ　Ｇｒｏｕｐ,Growth,情報・通信業,DX・SaaS
5028,セカンドサイトアナリティカ,Growth,情報・通信業,DX・SaaS
5029,サークレイス,Growth,情報・通信業,DX・SaaS
5031,モイ,Growth,情報・通信業,DX・SaaS
5032,ＡＮＹＣＯＬＯＲ,Prime,情報・通信業,DX・SaaS
5033,ヌーラボ,Growth,情報・通信業,DX・SaaS
5034,ｕｎｅｒｒｙ,Growth,情報・通信業,DX・SaaS
5035,ＨＯＵＳＥＩ,Growth,情報・通信業,DX・SaaS
5036,日本ビジネスシステムズ,Prime,情報・通信業,DX・SaaS
5037,フィットワークス,PRO,情報・通信業,DX・SaaS
5038,ｅＷｅＬＬ,Growth,情報・通信業,DX・SaaS
5071,ヴィス,Standard,サービス業,サービス
5072,アートフォースジャパン,PRO,建設業,内需・ディフェンシブ
5074,テスホールディングス,Prime,建設業,内需・ディフェンシブ
5076,インフロニア・ホールディングス,Prime,建設業,内需・ディフェンシブ
5077,ハンズ,PRO,建設業,内需・ディフェンシブ
5078,セレコーポレーション,Standard,建設業,内需・ディフェンシブ
5079,ノバック,Standard,建設業,内需・ディフェンシブ
5101,横浜ゴム,Prime,ゴム製品,内需・ディフェンシブ
5103,昭和ホールディングス,Standard,ゴム製品,内需・ディフェンシブ
5105,ＴＯＹＯ　ＴＩＲＥ,Prime,ゴム製品,内需・ディフェンシブ
5108,ブリヂストン,Prime,ゴム製品,内需・ディフェンシブ
5110,住友ゴム工業,Prime,ゴム製品,内需・ディフェンシブ
5121,藤倉コンポジット,Prime,ゴム製品,内需・ディフェンシブ
5122,オカモト,Prime,ゴム製品,内需・ディフェンシブ
5125,ファインズ,Growth,情報・通信業,DX・SaaS
5126,ポーターズ,Growth,情報・通信業,DX・SaaS
5129,ＦＩＸＥＲ,Growth,情報・通信業,DX・SaaS
5130,ヒロホールディングス,PRO,情報・通信業,DX・SaaS
5131,リンカーズ,Growth,情報・通信業,DX・SaaS
5132,ｐｌｕｓｚｅｒｏ,Growth,情報・通信業,DX・SaaS
5133,テリロジーホールディングス,Standard,情報・通信業,DX・SaaS
5134,ＰＯＰＥＲ,Growth,情報・通信業,DX・SaaS
5135,ＡＩＲ－Ｕ,PRO,情報・通信業,DX・SaaS
5136,ｔｒｉｐｌａ,Growth,情報・通信業,DX・SaaS
5137,スマートドライブ,Growth,情報・通信業,DX・SaaS
5138,Ｒｅｂａｓｅ,Growth,情報・通信業,DX・SaaS
5139,オープンワーク,Growth,情報・通信業,DX・SaaS
5142,アキレス,Prime,化学,半導体関連
5161,西川ゴム工業,Standard,ゴム製品,内需・ディフェンシブ
5162,朝日ラバー,Standard,ゴム製品,内需・ディフェンシブ
5184,ニチリン,Standard,ゴム製品,内需・ディフェンシブ
5185,フコク,Prime,ゴム製品,内需・ディフェンシブ
5186,ニッタ,Prime,ゴム製品,内需・ディフェンシブ
5187,クリエートメディック,Standard,精密機器,半導体関連
5189,櫻護謨,Standard,ゴム製品,内需・ディフェンシブ
5192,三ツ星ベルト,Prime,ゴム製品,内需・ディフェンシブ
5194,相模ゴム工業,Standard,ゴム製品,内需・ディフェンシブ
5195,バンドー化学,Prime,ゴム製品,内需・ディフェンシブ
5199,不二ラテックス,Standard,ゴム製品,内需・ディフェンシブ
5201,ＡＧＣ,Prime,ガラス・土石製品,内需・ディフェンシブ
5202,日本板硝子,Prime,ガラス・土石製品,内需・ディフェンシブ
5204,石塚硝子,Standard,ガラス・土石製品,内需・ディフェンシブ
5208,有沢製作所,Prime,化学,半導体関連
5210,日本山村硝子,Standard,ガラス・土石製品,内需・ディフェンシブ
5214,日本電気硝子,Prime,ガラス・土石製品,内需・ディフェンシブ
5216,倉元製作所,Standard,ガラス・土石製品,内需・ディフェンシブ
5218,オハラ,Standard,ガラス・土石製品,内需・ディフェンシブ
5232,住友大阪セメント,Prime,ガラス・土石製品,内需・ディフェンシブ
5233,太平洋セメント,Prime,ガラス・土石製品,内需・ディフェンシブ
5237,ノザワ,Standard,ガラス・土石製品,内需・ディフェンシブ
5240,ｍｏｎｏＡＩ　ｔｅｃｈｎｏｌｏｇｙ,Growth,情報・通信業,DX・SaaS
5242,アイズ,Growth,情報・通信業,DX・SaaS
5243,ｎｏｔｅ,Growth,情報・通信業,DX・SaaS
5244,ｊｉｇ．ｊｐ,Growth,情報・通信業,DX・SaaS
5246,ＥＬＥＭＥＮＴＳ,Growth,情報・通信業,DX・SaaS
5247,ＢＴＭ,Growth,情報・通信業,DX・SaaS
5248,テクノロジーズ,Growth,情報・通信業,DX・SaaS
5249,あさかわシステムズ,PRO,情報・通信業,DX・SaaS
5250,ＧＭＯプライム・ストラテジー,Standard,情報・通信業,DX・SaaS
5251,ウイズ・ワン,PRO,情報・通信業,DX・SaaS
5252,日本ナレッジ,Growth,情報・通信業,DX・SaaS
5253,カバー,Growth,情報・通信業,DX・SaaS
5254,Ａｒｅｎｔ,Growth,情報・通信業,DX・SaaS
5255,モンスターラボ,Growth,情報・通信業,DX・SaaS
5256,Ｆｕｓｉｃ,Growth,情報・通信業,DX・SaaS
5257,ノバシステム,Standard,情報・通信業,DX・SaaS
5258,トランザクション・メディア・ネットワークス,Growth,情報・通信業,DX・SaaS
5259,ＢＢＤイニシアティブ,Growth,情報・通信業,DX・SaaS
5261,リソルホールディングス,Prime,サービス業,サービス
5262,日本ヒューム,Prime,ガラス・土石製品,内需・ディフェンシブ
5268,旭コンクリート工業,Standard,ガラス・土石製品,内需・ディフェンシブ
5269,日本コンクリート工業,Prime,ガラス・土石製品,内需・ディフェンシブ
5271,トーヨーアサノ,Standard,ガラス・土石製品,内需・ディフェンシブ
5273,三谷セキサン,Standard,ガラス・土石製品,内需・ディフェンシブ
5279,日本興業,Standard,ガラス・土石製品,内需・ディフェンシブ
5280,ヨシコン,Standard,不動産業,内需・ディフェンシブ
5282,ジオスター,Standard,ガラス・土石製品,内需・ディフェンシブ
5283,高見澤,Standard,卸売業,内需・ディフェンシブ
5284,ヤマウホールディングス,Standard,ガラス・土石製品,内需・ディフェンシブ
5285,ヤマックス,Standard,ガラス・土石製品,内需・ディフェンシブ
5287,イトーヨーギョー,Standard,ガラス・土石製品,内需・ディフェンシブ
5288,アジアパイルホールディングス,Prime,ガラス・土石製品,内需・ディフェンシブ
5290,ベルテクスコーポレーション,Standard,ガラス・土石製品,内需・ディフェンシブ
5301,東海カーボン,Prime,ガラス・土石製品,内需・ディフェンシブ
5302,日本カーボン,Prime,ガラス・土石製品,内需・ディフェンシブ
5304,ＳＥＣカーボン,Standard,ガラス・土石製品,内需・ディフェンシブ
5310,東洋炭素,Prime,ガラス・土石製品,内需・ディフェンシブ
5331,ノリタケ,Prime,ガラス・土石製品,内需・ディフェンシブ
5332,ＴＯＴＯ,Prime,ガラス・土石製品,内需・ディフェンシブ
5333,日本碍子,Prime,ガラス・土石製品,内需・ディフェンシブ
5334,日本特殊陶業,Prime,ガラス・土石製品,内需・ディフェンシブ
5337,ダントーホールディングス,Standard,ガラス・土石製品,内需・ディフェンシブ
5341,ＡＳＡＨＩ　ＥＩＴＯホールディングス,Standard,ガラス・土石製品,内需・ディフェンシブ
5344,ＭＡＲＵＷＡ,Prime,ガラス・土石製品,内需・ディフェンシブ
5351,品川リフラ,Prime,ガラス・土石製品,内需・ディフェンシブ
5355,日本坩堝,Standard,ガラス・土石製品,内需・ディフェンシブ
5356,美濃窯業,Standard,ガラス・土石製品,内需・ディフェンシブ
5357,ヨータイ,Prime,ガラス・土石製品,内需・ディフェンシブ
5363,東京窯業,Standard,ガラス・土石製品,内需・ディフェンシブ
5367,ニッカトー,Standard,ガラス・土石製品,内需・ディフェンシブ
5368,日本インシュレーション,Standard,ガラス・土石製品,内需・ディフェンシブ
5380,新東,Standard,ガラス・土石製品,内需・ディフェンシブ
5381,マイポックス,Standard,ガラス・土石製品,内需・ディフェンシブ
5384,フジミインコーポレーテッド,Prime,ガラス・土石製品,内需・ディフェンシブ
5388,クニミネ工業,Standard,ガラス・土石製品,内需・ディフェンシブ
5391,エーアンドエーマテリアル,Standard,ガラス・土石製品,内需・ディフェンシブ
5393,ニチアス,Prime,ガラス・土石製品,内需・ディフェンシブ
5401,日本製鉄,Prime,鉄鋼,内需・ディフェンシブ
5406,神戸製鋼所,Prime,鉄鋼,内需・ディフェンシブ
5408,中山製鋼所,Prime,鉄鋼,内需・ディフェンシブ
5410,合同製鐵,Prime,鉄鋼,内需・ディフェンシブ
5411,ＪＦＥホールディングス,Prime,鉄鋼,内需・ディフェンシブ
5423,東京製鐵,Prime,鉄鋼,内需・ディフェンシブ
5440,共英製鋼,Prime,鉄鋼,内需・ディフェンシブ
5444,大和工業,Prime,鉄鋼,内需・ディフェンシブ
5445,東京鐵鋼,Prime,鉄鋼,内需・ディフェンシブ
5446,北越メタル,Standard,鉄鋼,内需・ディフェンシブ
5449,大阪製鐵,Standard,鉄鋼,内需・ディフェンシブ
5451,ヨドコウ,Prime,鉄鋼,内需・ディフェンシブ
5458,高砂鐵工,Standard,鉄鋼,内需・ディフェンシブ
5461,中部鋼鈑,Prime,鉄鋼,内需・ディフェンシブ
5463,丸一鋼管,Prime,鉄鋼,内需・ディフェンシブ
5464,モリ工業,Standard,鉄鋼,内需・ディフェンシブ
5471,大同特殊鋼,Prime,鉄鋼,内需・ディフェンシブ
5480,日本冶金工業,Prime,鉄鋼,内需・ディフェンシブ
5482,愛知製鋼,Prime,鉄鋼,内需・ディフェンシブ
5484,東北特殊鋼,Standard,鉄鋼,内需・ディフェンシブ
5491,日本金属,Standard,鉄鋼,内需・ディフェンシブ
5525,フロンティアホールディングス,PRO,不動産業,内需・ディフェンシブ
5527,ｐｒｏｐｅｒｔｙ　ｔｅｃｈｎｏｌｏｇｉｅｓ,Growth,不動産業,内需・ディフェンシブ
5528,フロンティアハウス,PRO,不動産業,内需・ディフェンシブ
5531,中山不動産,PRO,不動産業,内需・ディフェンシブ
5532,リアルゲイト,Growth,不動産業,内需・ディフェンシブ
5533,エリッツホールディングス,Standard,不動産業,内需・ディフェンシブ
5534,エンゼルグループ,PRO,不動産業,内需・ディフェンシブ
5535,ミガロホールディングス,Prime,不動産業,内需・ディフェンシブ
5536,京橋アートレジデンス,PRO,不動産業,内需・ディフェンシブ
5537,ＡｌｂａＬｉｎｋ,Growth,不動産業,内需・ディフェンシブ
5541,大平洋金属,Prime,鉄鋼,内需・ディフェンシブ
5542,新報国マテリアル,Standard,鉄鋼,内需・ディフェンシブ
5563,新日本電工,Prime,鉄鋼,内需・ディフェンシブ
5570,ジェノバ,Growth,情報・通信業,DX・SaaS
5571,エキサイトホールディングス,Standard,情報・通信業,DX・SaaS
5572,Ｒｉｄｇｅ－ｉ,Growth,情報・通信業,DX・SaaS
5573,働楽ホールディングス,PRO,情報・通信業,DX・SaaS
5574,ＡＢＥＪＡ,Growth,情報・通信業,DX・SaaS
5575,Ｇｌｏｂｅｅ,Growth,情報・通信業,DX・SaaS
5576,オービーシステム,Standard,情報・通信業,DX・SaaS
5578,ＡＲアドバンストテクノロジ,Growth,情報・通信業,DX・SaaS
5580,プロディライト,Growth,情報・通信業,DX・SaaS
5581,カイテクノロジー,PRO,情報・通信業,DX・SaaS
5582,グリッド,Growth,情報・通信業,DX・SaaS
5584,Ｓｔｒａｗｂｅｒｒｙ　ｊａｍｓ,PRO,情報・通信業,DX・SaaS
5586,Ｌａｂｏｒｏ．ＡＩ,Growth,情報・通信業,DX・SaaS
5587,インバウンドプラットフォーム,Growth,情報・通信業,DX・SaaS
5588,ファーストアカウンティング,Growth,情報・通信業,DX・SaaS
5589,オートサーバー,Standard,情報・通信業,DX・SaaS
5590,ネットスターズ,Growth,情報・通信業,DX・SaaS
5591,ＡＶＩＬＥＮ,Growth,情報・通信業,DX・SaaS
5592,くすりの窓口,Growth,情報・通信業,DX・SaaS
5594,エム・デー・ビー,PRO,情報・通信業,DX・SaaS
5597,ブルーイノベーション,Growth,情報・通信業,DX・SaaS
5598,Ｙｏｔｔａｖｉａｓ,PRO,情報・通信業,DX・SaaS
5599,Ｓ＆Ｊ,Growth,情報・通信業,DX・SaaS
5602,栗本鐵工所,Prime,鉄鋼,内需・ディフェンシブ
5603,虹技,Standard,鉄鋼,内需・ディフェンシブ
5609,日本鋳造,Standard,鉄鋼,内需・ディフェンシブ
5612,日本鋳鉄管,Standard,鉄鋼,内需・ディフェンシブ
5616,雨風太陽,Growth,情報・通信業,DX・SaaS
5617,ウィル・ドゥ,PRO,情報・通信業,DX・SaaS
5618,ナイル,Growth,情報・通信業,DX・SaaS
5619,マーソ,Growth,情報・通信業,DX・SaaS
5620,エスピーオー,PRO,情報・通信業,DX・SaaS
5621,ヒューマンテクノロジーズ,Growth,情報・通信業,DX・SaaS
5622,ワンビ,PRO,情報・通信業,DX・SaaS
5631,日本製鋼所,Prime,機械,ロボット・FA
5632,三菱製鋼,Prime,鉄鋼,内需・ディフェンシブ
5644,メタルアート,Standard,鉄鋼,内需・ディフェンシブ
5658,日亜鋼業,Standard,鉄鋼,内需・ディフェンシブ
5659,日本精線,Prime,鉄鋼,内需・ディフェンシブ
5660,神鋼鋼線工業,Standard,鉄鋼,内需・ディフェンシブ
5695,パウダーテック,Standard,鉄鋼,内需・ディフェンシブ
5697,サンユウ,Standard,鉄鋼,内需・ディフェンシブ
5698,エンビプロ・ホールディングス,Standard,鉄鋼,内需・ディフェンシブ
5699,イボキン,Standard,鉄鋼,内需・ディフェンシブ
5702,大紀アルミニウム工業所,Prime,非鉄金属,内需・ディフェンシブ
5703,日本軽金属ホールディングス,Prime,非鉄金属,内需・ディフェンシブ
5704,ＪＭＣ,Growth,非鉄金属,内需・ディフェンシブ
5706,三井金属,Prime,非鉄金属,内需・ディフェンシブ
5707,東邦亜鉛,Prime,非鉄金属,内需・ディフェンシブ
5711,三菱マテリアル,Prime,非鉄金属,内需・ディフェンシブ
5713,住友金属鉱山,Prime,非鉄金属,内需・ディフェンシブ
5714,ＤＯＷＡホールディングス,Prime,非鉄金属,内需・ディフェンシブ
5715,古河機械金属,Prime,非鉄金属,内需・ディフェンシブ
5721,エス・サイエンス,Standard,非鉄金属,内需・ディフェンシブ
5724,アサカ理研,Standard,非鉄金属,内需・ディフェンシブ
5726,大阪チタニウムテクノロジーズ,Prime,非鉄金属,内需・ディフェンシブ
5727,東邦チタニウム,Prime,非鉄金属,内需・ディフェンシブ
5729,日本精鉱,Standard,非鉄金属,内需・ディフェンシブ
5741,ＵＡＣＪ,Prime,非鉄金属,内需・ディフェンシブ
5742,エヌアイシ・オートテック,Standard,非鉄金属,内需・ディフェンシブ
5753,日本伸銅,Standard,非鉄金属,内需・ディフェンシブ
5757,ＣＫサンエツ,Prime,非鉄金属,内需・ディフェンシブ
5801,古河電気工業,Prime,非鉄金属,内需・ディフェンシブ
5802,住友電気工業,Prime,非鉄金属,内需・ディフェンシブ
5803,フジクラ,Prime,非鉄金属,内需・ディフェンシブ
5805,ＳＷＣＣ,Prime,非鉄金属,内需・ディフェンシブ
5816,オーナンバ,Standard,非鉄金属,内需・ディフェンシブ
5817,ＪＭＡＣＳ,Standard,非鉄金属,内需・ディフェンシブ
5819,カナレ電気,Standard,非鉄金属,内需・ディフェンシブ
5820,三ッ星,Standard,非鉄金属,内需・ディフェンシブ
5821,平河ヒューテック,Prime,非鉄金属,内需・ディフェンシブ
5830,いよぎんホールディングス,Prime,銀行業,内需・ディフェンシブ
5831,しずおかフィナンシャルグループ,Prime,銀行業,内需・ディフェンシブ
5832,ちゅうぎんフィナンシャルグループ,Prime,銀行業,内需・ディフェンシブ
5834,ＳＢＩリーシングサービス,Growth,証券、商品先物取引業,フィンテック・暗号資産
5838,楽天銀行,Prime,銀行業,内需・ディフェンシブ
5840,日本総険,PRO,保険業,内需・ディフェンシブ
5842,インテグラル,Growth,証券、商品先物取引業,フィンテック・暗号資産
5843,ニッポンインシュア,Standard,その他金融業,フィンテック・暗号資産
5844,京都フィナンシャルグループ,Prime,銀行業,内需・ディフェンシブ
5845,全保連,Standard,その他金融業,フィンテック・暗号資産
5851,リョービ,Prime,非鉄金属,内需・ディフェンシブ
5852,アーレスティ,Prime,非鉄金属,内需・ディフェンシブ
5856,エルアイイーエイチ,Standard,小売業,内需・ディフェンシブ
5857,ＡＲＥホールディングス,Prime,非鉄金属,内需・ディフェンシブ
5858,ＳＴＧ,Growth,非鉄金属,内需・ディフェンシブ
5866,ＷｉｚＢｉｚ,PRO,サービス業,サービス
5867,エスネットワークス,Growth,サービス業,サービス
5868,ロココ,Standard,サービス業,サービス
5869,早稲田学習研究会,Standard,サービス業,サービス
5870,ナルネットコミュニケーションズ,Growth,サービス業,サービス
5871,ＳＯＬＩＺＥ　Ｈｏｌｄｉｎｇｓ,Standard,サービス業,サービス
5883,ＧＴホールディングス,PRO,卸売業,内需・ディフェンシブ
5884,クラダシ,Growth,小売業,内需・ディフェンシブ
5885,ジーデップ・アドバンス,Standard,卸売業,内需・ディフェンシブ
5886,ＯＯＫＡＢＥ　ＧＬＡＳＳ,PRO,卸売業,内需・ディフェンシブ
5887,光響,PRO,卸売業,内需・ディフェンシブ
5888,ＤＡＩＷＡ　ＣＹＣＬＥ,Growth,小売業,内需・ディフェンシブ
5889,Ｊａｐａｎ　Ｅｙｅｗｅａｒ　Ｈｏｌｄｉｎｇｓ,Prime,小売業,内需・ディフェンシブ
5890,オフィスバスターズ,PRO,小売業,内需・ディフェンシブ
5891,魁力屋,Standard,小売業,内需・ディフェンシブ
5892,ｙｕｔｏｒｉ,Growth,小売業,内需・ディフェンシブ
5893,ＲＡＶＩＰＡ,PRO,小売業,内需・ディフェンシブ
5900,ダイケン,Standard,金属製品,内需・ディフェンシブ
5901,東洋製罐グループホールディングス,Prime,金属製品,内需・ディフェンシブ
5902,ホッカンホールディングス,Prime,金属製品,内需・ディフェンシブ
5903,シンポ,Standard,金属製品,内需・ディフェンシブ
5905,日本製罐,Standard,金属製品,内需・ディフェンシブ
5906,エムケー精工,Standard,金属製品,内需・ディフェンシブ
5909,コロナ,Standard,金属製品,内需・ディフェンシブ
5911,横河ブリッジホールディングス,Prime,金属製品,内需・ディフェンシブ
5915,駒井ハルテック,Standard,金属製品,内需・ディフェンシブ
5918,瀧上工業,Standard,金属製品,内需・ディフェンシブ
5921,川岸工業,Standard,金属製品,内需・ディフェンシブ
5922,那須電機鉄工,Standard,金属製品,内需・ディフェンシブ
5923,高田機工,Standard,金属製品,内需・ディフェンシブ
5928,アルメタックス,Standard,金属製品,内需・ディフェンシブ
5929,三和ホールディングス,Prime,金属製品,内需・ディフェンシブ
5930,文化シヤッター,Prime,金属製品,内需・ディフェンシブ
5932,三協立山,Prime,金属製品,内需・ディフェンシブ
5933,アルインコ,Prime,金属製品,内需・ディフェンシブ
5936,東洋シヤッター,Standard,金属製品,内需・ディフェンシブ
5938,ＬＩＸＩＬ,Prime,金属製品,内需・ディフェンシブ
5939,大谷工業,Standard,金属製品,内需・ディフェンシブ
5940,不二サッシ,Standard,金属製品,内需・ディフェンシブ
5941,中西製作所,Standard,金属製品,内需・ディフェンシブ
5942,日本フイルコン,Standard,金属製品,内需・ディフェンシブ
5943,ノーリツ,Prime,金属製品,内需・ディフェンシブ
5945,天龍製鋸,Standard,金属製品,内需・ディフェンシブ
5946,長府製作所,Prime,金属製品,内需・ディフェンシブ
5947,リンナイ,Prime,金属製品,内需・ディフェンシブ
5949,ユニプレス,Prime,輸送用機器,内需・ディフェンシブ
5950,日本パワーファスニング,Standard,金属製品,内需・ディフェンシブ
5951,ダイニチ工業,Standard,金属製品,内需・ディフェンシブ
5952,アマテイ,Standard,金属製品,内需・ディフェンシブ
5955,ワイズホールディングス,Standard,金属製品,内需・ディフェンシブ
5956,トーソー,Standard,金属製品,内需・ディフェンシブ
5957,日東精工,Prime,金属製品,内需・ディフェンシブ
5958,三洋工業,Standard,金属製品,内需・ディフェンシブ
5959,岡部,Prime,金属製品,内需・ディフェンシブ
5962,浅香工業,Standard,その他製品,ゲーム・エンタメ
5965,フジマック,Standard,金属製品,内需・ディフェンシブ
5966,京都機械工具,Standard,金属製品,内需・ディフェンシブ
5967,ＴＯＮＥ,Standard,金属製品,内需・ディフェンシブ
5969,ロブテックス,Standard,金属製品,内需・ディフェンシブ
5970,ジーテクト,Prime,金属製品,内需・ディフェンシブ
5971,共和工業所,Standard,金属製品,内需・ディフェンシブ
5973,トーアミ,Standard,金属製品,内需・ディフェンシブ
5974,中国工業,Standard,金属製品,内需・ディフェンシブ
5975,東プレ,Prime,金属製品,内需・ディフェンシブ
5976,高周波熱錬,Prime,金属製品,内需・ディフェンシブ
5981,東京製綱,Prime,金属製品,内需・ディフェンシブ
5982,マルゼン,Standard,金属製品,内需・ディフェンシブ
5983,イワブチ,Standard,金属製品,内需・ディフェンシブ
5984,兼房,Standard,金属製品,内需・ディフェンシブ
5985,サンコール,Standard,金属製品,内需・ディフェンシブ
5986,モリテック　スチール,Standard,金属製品,内需・ディフェンシブ
5987,オーネックス,Standard,金属製品,内需・ディフェンシブ
5988,パイオラックス,Prime,金属製品,内需・ディフェンシブ
5989,エイチワン,Prime,金属製品,内需・ディフェンシブ
5990,スーパーツール,Standard,金属製品,内需・ディフェンシブ
5991,日本発條,Prime,金属製品,内需・ディフェンシブ
5992,中央発條,Standard,金属製品,内需・ディフェンシブ
5994,ファインシンター,Standard,金属製品,内需・ディフェンシブ
5997,協立エアテック,Standard,金属製品,内需・ディフェンシブ
5998,アドバネクス,Standard,金属製品,内需・ディフェンシブ
6005,三浦工業,Prime,機械,ロボット・FA
6013,タクマ,Prime,機械,ロボット・FA
6016,ジャパンエンジンコーポレーション,Standard,輸送用機器,内需・ディフェンシブ
6018,阪神内燃機工業,Standard,輸送用機器,内需・ディフェンシブ
6022,赤阪鐵工所,Standard,機械,ロボット・FA
6023,ダイハツインフィニアース,Standard,輸送用機器,内需・ディフェンシブ
6027,弁護士ドットコム,Prime,サービス業,サービス
6029,アトラグループ,Standard,サービス業,サービス
6030,アドベンチャー,Growth,サービス業,サービス
6031,ＺＥＴＡ,Growth,サービス業,サービス
6033,エクストリーム,Growth,サービス業,サービス
6034,ＭＲＴ,Growth,サービス業,サービス
6035,アイ・アールジャパンホールディングス,Standard,サービス業,サービス
6036,ＫｅｅＰｅｒ技研,Prime,サービス業,サービス
6037,楽待,Standard,サービス業,サービス
6038,イード,Growth,サービス業,サービス
6039,日本動物高度医療センター,Growth,サービス業,サービス
6040,日本スキー場開発,Growth,サービス業,サービス
6042,ニッキ,Standard,輸送用機器,内需・ディフェンシブ
6044,三機サービス,Standard,サービス業,サービス
6045,レントラックス,Growth,サービス業,サービス
6046,リンクバル,Growth,サービス業,サービス
6047,Ｇｕｎｏｓｙ,Prime,サービス業,サービス
6049,イトクロ,Growth,サービス業,サービス
6050,イー・ガーディアン,Prime,サービス業,サービス
6054,リブセンス,Standard,サービス業,サービス
6055,ジャパンマテリアル,Prime,サービス業,サービス
6058,ベクトル,Prime,サービス業,サービス
6059,ウチヤマホールディングス,Standard,サービス業,サービス
6061,ユニバーサル園芸社,Standard,サービス業,サービス
6062,チャーム・ケア・コーポレーション,Prime,サービス業,サービス
6063,日本エマージェンシーアシスタンス,Standard,サービス業,サービス
6069,トレンダーズ,Growth,サービス業,サービス
6070,キャリアリンク,Prime,サービス業,サービス
6071,ＩＢＪ,Prime,サービス業,サービス
6072,地盤ネットホールディングス,Standard,サービス業,サービス
6073,アサンテ,Prime,サービス業,サービス
6074,ジェイエスエス,Standard,サービス業,サービス
6078,バリューＨＲ,Prime,サービス業,サービス
6080,Ｍ＆Ａキャピタルパートナーズ,Prime,サービス業,サービス
6081,アライドアーキテクツ,Growth,サービス業,サービス
6082,ライドオンエクスプレスホールディングス,Standard,サービス業,サービス
6083,ＥＲＩホールディングス,Standard,サービス業,サービス
6085,アーキテクツ・スタジオ・ジャパン,Growth,サービス業,サービス
6086,シンメンテホールディングス,Growth,サービス業,サービス
6087,アビスト,Standard,サービス業,サービス
6088,シグマクシス・ホールディングス,Prime,サービス業,サービス
6089,ウィルグループ,Prime,サービス業,サービス
6090,ヒューマン・メタボローム・テクノロジーズ,Standard,サービス業,サービス
6091,ウエスコホールディングス,Standard,サービス業,サービス
6092,エンバイオ・ホールディングス,Standard,サービス業,サービス
6093,エスクロー・エージェント・ジャパン,Standard,サービス業,サービス
6094,フリークアウト・ホールディングス,Growth,サービス業,サービス
6096,レアジョブ,Standard,サービス業,サービス
6098,リクルートホールディングス,Prime,サービス業,教育・HR
6099,エラン,Prime,サービス業,サービス
6101,ツガミ,Prime,機械,ロボット・FA
6103,オークマ,Prime,機械,ロボット・FA
6104,芝浦機械,Prime,機械,ロボット・FA
6113,アマダ,Prime,機械,ロボット・FA
6118,アイダエンジニアリング,Prime,機械,ロボット・FA
6125,岡本工作機械製作所,Standard,機械,ロボット・FA
6134,ＦＵＪＩ,Prime,機械,ロボット・FA
6135,牧野フライス製作所,Prime,機械,ロボット・FA
6136,オーエスジー,Prime,機械,ロボット・FA
6137,小池酸素工業,Standard,機械,ロボット・FA
6138,ダイジェット工業,Standard,機械,ロボット・FA
6140,旭ダイヤモンド工業,Prime,機械,ロボット・FA
6141,ＤＭＧ森精機,Prime,機械,ロボット・FA
6143,ソディック,Prime,機械,ロボット・FA
6144,西部電機,Standard,機械,ロボット・FA
6145,ＮＩＴＴＯＫＵ,Standard,機械,ロボット・FA
6146,ディスコ,Prime,機械,ロボット・FA
6147,ヤマザキ,Standard,機械,ロボット・FA
6149,小田原エンジニアリング,Standard,機械,ロボット・FA
6150,タケダ機械,Standard,機械,ロボット・FA
6151,日東工器,Prime,機械,ロボット・FA
6155,高松機械工業,Standard,機械,ロボット・FA
6156,エーワン精密,Standard,機械,ロボット・FA
6157,日進工具,Standard,機械,ロボット・FA
6158,和井田製作所,Standard,機械,ロボット・FA
6159,ミクロン精密,Standard,機械,ロボット・FA
6161,エスティック,Standard,機械,ロボット・FA
6165,パンチ工業,Standard,機械,ロボット・FA
6166,中村超硬,Growth,機械,ロボット・FA
6167,冨士ダイス,Prime,機械,ロボット・FA
6168,ＯＮＥ　ＧＲＯＵＰ,PRO,機械,ロボット・FA
6171,土木管理総合試験所,Standard,サービス業,サービス
6173,アクアライン,Growth,サービス業,サービス
6174,デンタス,PRO,サービス業,サービス
6176,ブランジスタ,Standard,サービス業,サービス
6177,ＡｐｐＢａｎｋ,Growth,サービス業,サービス
6178,日本郵政,Prime,サービス業,サービス
6180,ＧＭＯメディア,Growth,サービス業,サービス
6181,タメニー,Growth,サービス業,サービス
6182,メタリアル,Growth,サービス業,サービス
6183,ベルシステム２４ホールディングス,Prime,サービス業,サービス
6184,鎌倉新書,Prime,サービス業,サービス
6185,ＳＭＮ,Standard,サービス業,サービス
6186,一蔵,Standard,サービス業,サービス
6189,グローバルキッズＣＯＭＰＡＮＹ,Standard,サービス業,サービス
6190,フェニックスバイオ,Growth,サービス業,サービス
6191,エアトリ,Prime,サービス業,サービス
6193,バーチャレクス・ホールディングス,Growth,サービス業,サービス
6194,アトラエ,Prime,サービス業,サービス
6195,ホープ,Growth,サービス業,サービス
6196,ストライク,Prime,サービス業,サービス
6197,ソラスト,Prime,サービス業,サービス
6198,キャリア,Growth,サービス業,サービス
6199,セラク,Standard,サービス業,サービス
6200,インソース,Prime,サービス業,サービス
6201,豊田自動織機,Prime,輸送用機器,内需・ディフェンシブ
6203,豊和工業,Standard,機械,ロボット・FA
6208,石川製作所,Standard,機械,ロボット・FA
6209,リケンＮＰＲ,Prime,機械,ロボット・FA
6217,津田駒工業,Standard,機械,ロボット・FA
6218,エンシュウ,Standard,機械,ロボット・FA
6222,島精機製作所,Prime,機械,ロボット・FA
6223,西部技研,Standard,機械,ロボット・FA
6224,ＪＲＣ,Growth,機械,ロボット・FA
6226,守谷輸送機工業,Standard,機械,ロボット・FA
6227,ＡＩメカテック,Standard,機械,ロボット・FA
6228,ジェイ・イー・ティ,Standard,機械,ロボット・FA
6229,オーケーエム,Standard,機械,ロボット・FA
6230,ＳＡＮＥＩ,Standard,機械,ロボット・FA
6231,木村工機,Standard,機械,ロボット・FA
6232,ＡＣＳＬ,Growth,機械,ロボット・FA
6233,ＫＬＡＳＳ,Standard,機械,ロボット・FA
6235,オプトラン,Prime,機械,ロボット・FA
6237,イワキポンプ,Prime,機械,ロボット・FA
6238,フリュー,Prime,機械,ロボット・FA
6239,ナガオカ,Standard,機械,ロボット・FA
6240,ヤマシンフィルタ,Prime,機械,ロボット・FA
6245,ヒラノテクシード,Standard,機械,ロボット・FA
6246,テクノスマート,Standard,機械,ロボット・FA
6247,日阪製作所,Prime,機械,ロボット・FA
6248,横田製作所,Standard,機械,ロボット・FA
6249,ゲームカードホールディングス,Standard,機械,ロボット・FA
6250,やまびこ,Prime,機械,ロボット・FA
6254,野村マイクロ・サイエンス,Prime,機械,ロボット・FA
6255,エヌ・ピー・シー,Growth,機械,ロボット・FA
6257,藤商事,Standard,機械,ロボット・FA
6258,平田機工,Prime,機械,ロボット・FA
6262,ＰＥＧＡＳＵＳ,Standard,機械,ロボット・FA
6264,マルマエ,Prime,機械,ロボット・FA
6265,コンバム,Standard,機械,ロボット・FA
6266,タツモ,Prime,機械,ロボット・FA
6267,ゼネラルパッカー,Standard,機械,ロボット・FA
6268,ナブテスコ,Prime,機械,ロボット・FA
6269,三井海洋開発,Prime,機械,ロボット・FA
6272,レオン自動機,Prime,機械,ロボット・FA
6273,ＳＭＣ,Prime,機械,ロボット・FA
6276,シリウスビジョン,Standard,電気機器,半導体関連
6277,ホソカワミクロン,Prime,機械,ロボット・FA
6278,ユニオンツール,Prime,機械,ロボット・FA
6279,瑞光,Prime,機械,ロボット・FA
6282,オイレス工業,Prime,機械,ロボット・FA
6284,日精エー・エス・ビー機械,Prime,機械,ロボット・FA
6286,靜甲,Standard,機械,ロボット・FA
6287,サトー,Prime,機械,ロボット・FA
6289,技研製作所,Prime,機械,ロボット・FA
6291,日本エアーテック,Standard,機械,ロボット・FA
6292,カワタ,Standard,機械,ロボット・FA
6294,オカダアイヨン,Prime,機械,ロボット・FA
6298,ワイエイシイホールディングス,Prime,機械,ロボット・FA
6301,小松製作所,Prime,機械,ロボット・FA
6302,住友重機械工業,Prime,機械,ロボット・FA
6305,日立建機,Prime,機械,ロボット・FA
6306,日工,Prime,機械,ロボット・FA
6307,サンセイ,Standard,機械,ロボット・FA
6309,巴工業,Prime,機械,ロボット・FA
6310,井関農機,Prime,機械,ロボット・FA
6315,ＴＯＷＡ,Prime,機械,ロボット・FA
6316,丸山製作所,Standard,機械,ロボット・FA
6317,北川鉄工所,Standard,機械,ロボット・FA
6322,タクミナ,Standard,機械,ロボット・FA
6323,ローツェ,Prime,機械,ロボット・FA
6324,ハーモニック・ドライブ・システムズ,Prime,機械,ロボット・FA
6325,タカキタ,Standard,機械,ロボット・FA
6326,クボタ,Prime,機械,ロボット・FA
6327,北川精機,Standard,機械,ロボット・FA
6328,荏原実業,Prime,機械,ロボット・FA
6330,東洋エンジニアリング,Prime,建設業,内需・ディフェンシブ
6331,三菱化工機,Prime,機械,ロボット・FA
6332,月島ホールディングス,Prime,機械,ロボット・FA
6333,帝国電機製作所,Prime,機械,ロボット・FA
6334,明治機械,Standard,機械,ロボット・FA
6335,東京機械製作所,Standard,機械,ロボット・FA
6336,石井表記,Standard,機械,ロボット・FA
6337,テセック,Standard,機械,ロボット・FA
6338,タカトリ,Standard,機械,ロボット・FA
6339,新東工業,Prime,機械,ロボット・FA
6340,澁谷工業,Prime,機械,ロボット・FA
6342,太平製作所,Standard,機械,ロボット・FA
6343,フリージア・マクロス,Standard,機械,ロボット・FA
6345,アイチ　コーポレーション,Prime,機械,ロボット・FA
6346,キクカワエンタープライズ,Standard,機械,ロボット・FA
6347,プラコー,Standard,機械,ロボット・FA
6349,小森コーポレーション,Prime,機械,ロボット・FA
6351,鶴見製作所,Prime,機械,ロボット・FA
6356,日本ギア工業,Standard,機械,ロボット・FA
6357,三精テクノロジーズ,Standard,機械,ロボット・FA
6358,酒井重工業,Prime,機械,ロボット・FA
6360,東京自働機械製作所,Standard,機械,ロボット・FA
6361,荏原製作所,Prime,機械,ロボット・FA
6363,酉島製作所,Prime,機械,ロボット・FA
6364,ＡＩＲＭＡＮ,Prime,機械,ロボット・FA
6365,電業社機械製作所,Standard,機械,ロボット・FA
6366,千代田化工建設,Standard,建設業,内需・ディフェンシブ
6367,ダイキン工業,Prime,機械,ロボット・FA
6368,オルガノ,Prime,機械,ロボット・FA
6369,トーヨーカネツ,Prime,機械,ロボット・FA
6370,栗田工業,Prime,機械,ロボット・FA
6371,椿本チエイン,Prime,機械,ロボット・FA
6376,日機装,Prime,精密機器,半導体関連
6378,木村化工機,Standard,機械,ロボット・FA
6379,レイズネクスト,Prime,建設業,内需・ディフェンシブ
6380,オリエンタルチエン工業,Standard,機械,ロボット・FA
6381,アネスト岩田,Prime,機械,ロボット・FA
6382,トリニティ工業,Standard,機械,ロボット・FA
6383,ダイフク,Prime,機械,ロボット・FA
6384,昭和真空,Standard,機械,ロボット・FA
6387,サムコ,Prime,機械,ロボット・FA
6390,加藤製作所,Prime,機械,ロボット・FA
6391,加地テック,Standard,機械,ロボット・FA
6392,ヤマダコーポレーション,Standard,機械,ロボット・FA
6393,油研工業,Standard,機械,ロボット・FA
6395,タダノ,Prime,機械,ロボット・FA
6396,宇野澤組鐵工所,Standard,機械,ロボット・FA
6400,不二精機,Standard,機械,ロボット・FA
6402,兼松エンジニアリング,Standard,機械,ロボット・FA
6403,水道機工,Standard,機械,ロボット・FA
6405,鈴茂器工,Standard,機械,ロボット・FA
6407,ＣＫＤ,Prime,機械,ロボット・FA
6408,小倉クラッチ,Standard,機械,ロボット・FA
6412,平和,Prime,機械,ロボット・FA
6413,理想科学工業,Prime,機械,ロボット・FA
6417,ＳＡＮＫＹＯ,Prime,機械,ロボット・FA
6418,日本金銭機械,Prime,機械,ロボット・FA
6419,マースグループホールディングス,Prime,機械,ロボット・FA
6420,ガリレイ,Prime,機械,ロボット・FA
6424,高見沢サイバネティックス,Standard,機械,ロボット・FA
6425,ユニバーサルエンターテインメント,Standard,機械,ロボット・FA
6428,オーイズミ,Standard,機械,ロボット・FA
6430,ダイコク電機,Prime,機械,ロボット・FA
6432,竹内製作所,Prime,機械,ロボット・FA
6433,ヒーハイスト,Standard,機械,ロボット・FA
6436,アマノ,Prime,機械,ロボット・FA
6440,ＪＵＫＩ,Prime,機械,ロボット・FA
6444,サンデン,Standard,機械,ロボット・FA
6445,ジャノメ,Prime,機械,ロボット・FA
6448,ブラザー工業,Prime,電気機器,半導体関連
6454,マックス,Prime,機械,ロボット・FA
6455,モリタホールディングス,Prime,輸送用機器,内需・ディフェンシブ
6457,グローリー,Prime,機械,ロボット・FA
6458,新晃工業,Prime,機械,ロボット・FA
6459,大和冷機工業,Prime,機械,ロボット・FA
6460,セガサミーホールディングス,Prime,機械,ロボット・FA
6463,ＴＰＲ,Prime,機械,ロボット・FA
6464,ツバキ・ナカシマ,Prime,機械,ロボット・FA
6465,ホシザキ,Prime,機械,ロボット・FA
6466,ＴＶＥ,Standard,機械,ロボット・FA
6467,ニチダイ,Standard,機械,ロボット・FA
6469,放電精密加工研究所,Standard,機械,ロボット・FA
6470,大豊工業,Standard,機械,ロボット・FA
6471,日本精工,Prime,機械,ロボット・FA
6472,ＮＴＮ,Prime,機械,ロボット・FA
6473,ジェイテクト,Prime,機械,ロボット・FA
6474,不二越,Prime,機械,ロボット・FA
6479,ミネベアミツミ,Prime,電気機器,半導体関連
6480,日本トムソン,Prime,機械,ロボット・FA
6481,ＴＨＫ,Prime,機械,ロボット・FA
6482,ＹＵＳＨＩＮ,Standard,機械,ロボット・FA
6484,ＫＶＫ,Standard,機械,ロボット・FA
6485,前澤給装工業,Standard,機械,ロボット・FA
6486,イーグル工業,Prime,機械,ロボット・FA
6488,ヨシタケ,Standard,機械,ロボット・FA
6489,前澤工業,Standard,機械,ロボット・FA
6490,ＰＩＬＬＡＲ,Prime,機械,ロボット・FA
6492,岡野バルブ製造,Standard,機械,ロボット・FA
6493,ＮＩＴＴＡＮ,Standard,輸送用機器,内需・ディフェンシブ
6494,ＮＦＫホールディングス,Standard,機械,ロボット・FA
6495,宮入バルブ製作所,Standard,機械,ロボット・FA
6496,中北製作所,Standard,機械,ロボット・FA
6497,ハマイ,Standard,機械,ロボット・FA
6498,キッツ,Prime,機械,ロボット・FA
6501,日立製作所,Prime,電気機器,半導体関連
6503,三菱電機,Prime,電気機器,半導体関連
6504,富士電機,Prime,電気機器,半導体関連
6505,東洋電機製造,Standard,電気機器,半導体関連
6506,安川電機,Prime,電気機器,半導体関連
6507,シンフォニアテクノロジー,Prime,電気機器,半導体関連
6508,明電舎,Prime,電気機器,半導体関連
6513,オリジン,Standard,電気機器,半導体関連
6516,山洋電気,Prime,電気機器,半導体関連
6517,デンヨー,Prime,電気機器,半導体関連
6518,三相電機,Standard,電気機器,半導体関連
6521,オキサイド,Growth,電気機器,半導体関連
6522,アスタリスク,Growth,電気機器,半導体関連
6523,ＰＨＣホールディングス,Prime,電気機器,半導体関連
6524,湖北工業,Standard,電気機器,半導体関連
6525,ＫＯＫＵＳＡＩ　ＥＬＥＣＴＲＩＣ,Prime,電気機器,半導体関連
6526,ソシオネクスト,Prime,電気機器,半導体関連
6527,ワカ製作所,PRO,電気機器,半導体関連
6532,ベイカレント,Prime,サービス業,サービス
6533,Ｏｒｃｈｅｓｔｒａ　Ｈｏｌｄｉｎｇｓ,Prime,サービス業,サービス
6535,アイモバイル,Prime,サービス業,サービス
6537,ＷＡＳＨハウス,Growth,サービス業,サービス
6538,ディスラプターズ,Standard,サービス業,サービス
6539,ＭＳ－Ｊａｐａｎ,Prime,サービス業,サービス
6540,船場,Standard,サービス業,サービス
6543,日宣,Standard,サービス業,サービス
6544,ジャパンエレベーターサービスホールディングス,Prime,サービス業,サービス
6545,インターネットインフィニティー,Growth,サービス業,サービス
6546,フルテック,Standard,サービス業,サービス
6547,グリーンズ,Standard,サービス業,サービス
6548,旅工房,Growth,サービス業,サービス
6549,ディーエムソリューションズ,Standard,サービス業,サービス
6551,ツナググループ・ホールディングス,Standard,サービス業,サービス
6552,ＧａｍｅＷｉｔｈ,Standard,サービス業,サービス
6554,エスユーエス,Growth,サービス業,サービス
6555,ＭＳ＆Ｃｏｎｓｕｌｔｉｎｇ,Standard,サービス業,サービス
6557,ＡＩＡＩグループ,Growth,サービス業,サービス
6558,クックビズ,Growth,サービス業,サービス
6560,エル・ティー・エス,Prime,サービス業,サービス
6561,ＨＡＮＡＴＯＵＲ　ＪＡＰＡＮ,Growth,サービス業,サービス
6562,ジーニー,Growth,サービス業,サービス
6563,みらいワークス,Growth,サービス業,サービス
6564,ミダックホールディングス,Prime,サービス業,サービス
6565,ＡＢホテル,Standard,サービス業,サービス
6566,要興業,Standard,サービス業,サービス
6568,神戸天然物化学,Growth,サービス業,サービス
6570,共和コーポレーション,Standard,サービス業,サービス
6571,キュービーネットホールディングス,Prime,サービス業,サービス
6572,オープングループ,Prime,サービス業,サービス
6573,ＣＲＡＶＩＡ,Growth,サービス業,サービス
6574,コンヴァノ,Growth,サービス業,サービス
6576,揚工舎,PRO,サービス業,サービス
6577,ベストワンドットコム,Growth,サービス業,サービス
6578,コレックホールディングス,Standard,サービス業,サービス
6579,ログリー,Growth,サービス業,サービス
6580,ライトアップ,Growth,サービス業,サービス
6584,三櫻工業,Prime,輸送用機器,内需・ディフェンシブ
6586,マキタ,Prime,機械,ロボット・FA
6588,東芝テック,Prime,電気機器,半導体関連
6590,芝浦メカトロニクス,Prime,電気機器,半導体関連
6592,マブチモーター,Prime,電気機器,半導体関連
6594,ニデック,Prime,電気機器,半導体関連
6596,筑波精工,PRO,電気機器,半導体関連
6597,ＨＰＣシステムズ,Growth,電気機器,半導体関連
6599,エブレン,Standard,電気機器,半導体関連
6612,バルミューダ,Growth,電気機器,半導体関連
6613,ＱＤレーザ,Growth,電気機器,半導体関連
6614,シキノハイテック,Standard,電気機器,半導体関連
6615,ユー・エム・シー・エレクトロニクス,Prime,電気機器,半導体関連
6616,トレックス・セミコンダクター,Prime,電気機器,半導体関連
6617,東光高岳,Prime,電気機器,半導体関連
6619,ダブル・スコープ,Prime,電気機器,半導体関連
6620,宮越ホールディングス,Prime,不動産業,内需・ディフェンシブ
6622,ダイヘン,Prime,電気機器,半導体関連
6625,ＪＡＬＣＯホールディングス,Standard,不動産業,内需・ディフェンシブ
6626,ＳＥＭＩＴＥＣ,Standard,電気機器,半導体関連
6627,テラプローブ,Standard,電気機器,半導体関連
6629,テクノホライゾン,Standard,電気機器,半導体関連
6630,ヤーマン,Prime,電気機器,半導体関連
6632,ＪＶＣケンウッド,Prime,電気機器,半導体関連
6633,ＣＧＳホールディングス,Standard,電気機器,半導体関連
6634,ＪＮグループ,Standard,電気機器,半導体関連
6635,大日光・エンジニアリング,Standard,電気機器,半導体関連
6637,寺崎電気産業,Standard,電気機器,半導体関連
6638,ミマキエンジニアリング,Prime,電気機器,半導体関連
6643,戸上電機製作所,Standard,電気機器,半導体関連
6644,大崎電気工業,Prime,電気機器,半導体関連
6645,オムロン,Prime,電気機器,半導体関連
6647,森尾電機,Standard,電気機器,半導体関連
6648,かわでん,Standard,電気機器,半導体関連
6651,日東工業,Prime,電気機器,半導体関連
6652,ＩＤＥＣ,Prime,電気機器,半導体関連
6653,正興電機製作所,Prime,電気機器,半導体関連
6654,不二電機工業,Standard,電気機器,半導体関連
6656,インスペック,Standard,電気機器,半導体関連
6658,シライ電子工業,Standard,電気機器,半導体関連
6659,メディアリンクス,Standard,電気機器,半導体関連
6662,ユビテック,Standard,電気機器,半導体関連
6663,太洋テクノレックス,Standard,電気機器,半導体関連
6664,オプトエレクトロニクス,Standard,電気機器,半導体関連
6666,リバーエレテック,Standard,電気機器,半導体関連
6668,アドテック　プラズマ　テクノロジー,Standard,電気機器,半導体関連
6670,ＭＣＪ,Standard,電気機器,半導体関連
6674,ジーエス・ユアサ　コーポレーション,Prime,電気機器,半導体関連
6675,サクサ,Standard,電気機器,半導体関連
6676,ＢＵＦＦＡＬＯ,Standard,電気機器,半導体関連
6677,エスケーエレクトロニクス,Standard,電気機器,半導体関連
6678,テクノメディカ,Standard,電気機器,半導体関連
6694,ズーム,Standard,電気機器,半導体関連
6695,キャストリコ,PRO,電気機器,半導体関連
6696,トラース・オン・プロダクト,Growth,電気機器,半導体関連
6699,ダイヤモンドエレクトリックホールディングス,Prime,電気機器,半導体関連
6701,日本電気,Prime,電気機器,半導体関連
6702,富士通,Prime,電気機器,半導体関連
6703,沖電気工業,Prime,電気機器,半導体関連
6706,電気興業,Prime,電気機器,半導体関連
6707,サンケン電気,Prime,電気機器,半導体関連
6718,アイホン,Prime,電気機器,半導体関連
6721,ウインテスト,Standard,電気機器,半導体関連
6723,ルネサスエレクトロニクス,Prime,電気機器,半導体関連
6724,セイコーエプソン,Prime,電気機器,半導体関連
6727,ワコム,Prime,電気機器,半導体関連
6728,アルバック,Prime,電気機器,半導体関連
6730,アクセル,Standard,電気機器,半導体関連
6731,ピクセラ,Standard,電気機器,半導体関連
6736,サン電子,Standard,電気機器,半導体関連
6737,ＥＩＺＯ,Prime,電気機器,半導体関連
6740,ジャパンディスプレイ,Prime,電気機器,半導体関連
6741,日本信号,Prime,電気機器,半導体関連
6742,京三製作所,Prime,電気機器,半導体関連
6743,大同信号,Standard,電気機器,半導体関連
6744,能美防災,Prime,電気機器,半導体関連
6745,ホーチキ,Prime,電気機器,半導体関連
6748,星和電機,Standard,電気機器,半導体関連
6750,エレコム,Prime,電気機器,半導体関連
6752,パナソニック　ホールディングス,Prime,電気機器,半導体関連
6753,シャープ,Prime,電気機器,半導体関連
6754,アンリツ,Prime,電気機器,半導体関連
6757,ＯＳＧコーポレーション,Standard,電気機器,半導体関連
6758,ソニーグループ,Prime,電気機器,半導体関連
6762,ＴＤＫ,Prime,電気機器,半導体関連
6763,帝国通信工業,Prime,電気機器,半導体関連
6768,タムラ製作所,Prime,電気機器,半導体関連
6769,ザインエレクトロニクス,Standard,電気機器,半導体関連
6770,アルプスアルパイン,Prime,電気機器,半導体関連
6771,池上通信機,Standard,電気機器,半導体関連
6772,東京コスモス電機,Standard,電気機器,半導体関連
6775,ＴＢグループ,Standard,電気機器,半導体関連
6776,天昇電気工業,Standard,化学,半導体関連
6777,ｓａｎｔｅｃ　Ｈｏｌｄｉｎｇｓ,Standard,電気機器,半導体関連
6778,アルチザネットワークス,Standard,電気機器,半導体関連
6779,日本電波工業,Prime,電気機器,半導体関連
6785,鈴木,Prime,電気機器,半導体関連
6786,ＲＶＨ,Standard,サービス業,サービス
6787,メイコー,Prime,電気機器,半導体関連
6788,日本トリム,Prime,電気機器,半導体関連
6794,フォスター電機,Prime,電気機器,半導体関連
6797,名古屋電機工業,Standard,電気機器,半導体関連
6798,ＳＭＫ,Prime,電気機器,半導体関連
6800,ヨコオ,Prime,電気機器,半導体関連
6803,ティアック,Standard,電気機器,半導体関連
6804,ホシデン,Prime,電気機器,半導体関連
6806,ヒロセ電機,Prime,電気機器,半導体関連
6807,日本航空電子工業,Prime,電気機器,半導体関連
6809,ＴＯＡ,Prime,電気機器,半導体関連
6810,マクセル,Prime,電気機器,半導体関連
6814,古野電気,Prime,電気機器,半導体関連
6817,スミダコーポレーション,Prime,電気機器,半導体関連
6819,伊豆シャボテンリゾート,Standard,サービス業,サービス
6820,アイコム,Prime,電気機器,半導体関連
6822,大井電気,Standard,電気機器,半導体関連
6823,リオン,Prime,電気機器,半導体関連
6824,新コスモス電機,Standard,電気機器,半導体関連
6832,アオイ電子,Standard,電気機器,半導体関連
6834,精工技研,Standard,電気機器,半導体関連
6835,アライドテレシスホールディングス,Standard,電気機器,半導体関連
6836,ぷらっとホーム,Standard,電気機器,半導体関連
6837,京写,Standard,電気機器,半導体関連
6838,多摩川ホールディングス,Standard,電気機器,半導体関連
6840,ＡＫＩＢＡホールディングス,Standard,電気機器,半導体関連
6841,横河電機,Prime,電気機器,半導体関連
6844,新電元工業,Prime,電気機器,半導体関連
6845,アズビル,Prime,電気機器,半導体関連
6848,東亜ディーケーケー,Standard,電気機器,半導体関連
6849,日本光電工業,Prime,電気機器,半導体関連
6850,チノー,Prime,電気機器,半導体関連
6853,共和電業,Standard,電気機器,半導体関連
6855,日本電子材料,Standard,電気機器,半導体関連
6856,堀場製作所,Prime,電気機器,半導体関連
6857,アドバンテスト,Prime,電気機器,半導体関連
6858,小野測器,Standard,電気機器,半導体関連
6859,エスペック,Prime,電気機器,半導体関連
6861,キーエンス,Prime,電気機器,半導体関連
6862,ミナトホールディングス,Standard,電気機器,半導体関連
6863,ニレコ,Standard,電気機器,半導体関連
6864,エヌエフホールディングス,Standard,電気機器,半導体関連
6866,日置電機,Prime,電気機器,半導体関連
6867,リーダー電子,Standard,電気機器,半導体関連
6869,シスメックス,Prime,電気機器,半導体関連
6870,日本フェンオール,Standard,電気機器,半導体関連
6871,日本マイクロニクス,Prime,電気機器,半導体関連
6874,協立電機,Standard,電気機器,半導体関連
6875,メガチップス,Prime,電気機器,半導体関連
6877,ＯＢＡＲＡ　ＧＲＯＵＰ,Standard,電気機器,半導体関連
6882,三社電機製作所,Standard,電気機器,半導体関連
6888,アクモス,Standard,情報・通信業,DX・SaaS
6890,フェローテック,Standard,電気機器,半導体関連
6894,パルステック工業,Standard,電気機器,半導体関連
6897,ツインバード,Standard,電気機器,半導体関連
6898,トミタ電機,Standard,電気機器,半導体関連
6899,ＡＳＴＩ,Standard,電気機器,半導体関連
6901,澤藤電機,Standard,電気機器,半導体関連
6902,デンソー,Prime,輸送用機器,内需・ディフェンシブ
6904,原田工業,Standard,電気機器,半導体関連
6905,コーセル,Prime,電気機器,半導体関連
6907,ジオマテック,Standard,電気機器,半導体関連
6908,イリソ電子工業,Prime,電気機器,半導体関連
6912,菊水ホールディングス,Standard,電気機器,半導体関連
6914,オプテックスグループ,Prime,電気機器,半導体関連
6915,千代田インテグレ,Standard,電気機器,半導体関連
6918,アバールデータ,Standard,電気機器,半導体関連
6919,ケル,Standard,電気機器,半導体関連
6920,レーザーテック,Prime,電気機器,半導体関連
6923,スタンレー電気,Prime,電気機器,半導体関連
6925,ウシオ電機,Prime,電気機器,半導体関連
6926,岡谷電機産業,Standard,電気機器,半導体関連
6927,ヘリオス　テクノ　ホールディング,Standard,電気機器,半導体関連
6928,エノモト,Standard,電気機器,半導体関連
6929,日本セラミック,Prime,電気機器,半導体関連
6932,遠藤照明,Standard,電気機器,半導体関連
6941,山一電機,Prime,電気機器,半導体関連
6942,ソフィアホールディングス,Standard,情報・通信業,DX・SaaS
6943,ＮＫＫスイッチズ,Standard,電気機器,半導体関連
6946,日本アビオニクス,Standard,電気機器,半導体関連
6947,図研,Prime,電気機器,半導体関連
6951,日本電子,Prime,電気機器,半導体関連
6952,カシオ計算機,Prime,電気機器,半導体関連
6954,ファナック,Prime,電気機器,半導体関連
6955,ＦＤＫ,Standard,電気機器,半導体関連
6958,日本シイエムケイ,Prime,電気機器,半導体関連
6960,フクダ電子,Standard,電気機器,半導体関連
6961,エンプラス,Prime,電気機器,半導体関連
6962,大真空,Prime,電気機器,半導体関連
6963,ローム,Prime,電気機器,半導体関連
6964,サンコー,Standard,電気機器,半導体関連
6965,浜松ホトニクス,Prime,電気機器,半導体関連
6966,三井ハイテック,Prime,電気機器,半導体関連
6969,松尾電機,Standard,電気機器,半導体関連
6971,京セラ,Prime,電気機器,半導体関連
6976,太陽誘電,Prime,電気機器,半導体関連
6977,日本抵抗器製作所,Standard,電気機器,半導体関連
6981,村田製作所,Prime,電気機器,半導体関連
6982,リード,Standard,輸送用機器,内需・ディフェンシブ
6986,双葉電子工業,Prime,電気機器,半導体関連
6988,日東電工,Prime,化学,半導体関連
6989,北陸電気工業,Standard,電気機器,半導体関連
6993,大黒屋ホールディングス,Standard,小売業,内需・ディフェンシブ
6994,指月電機製作所,Standard,電気機器,半導体関連
6995,東海理化電機製作所,Prime,輸送用機器,内需・ディフェンシブ
6996,ニチコン,Prime,電気機器,半導体関連
6997,日本ケミコン,Prime,電気機器,半導体関連
6998,日本タングステン,Standard,電気機器,半導体関連
6999,ＫＯＡ,Prime,電気機器,半導体関連
7003,三井Ｅ＆Ｓ,Prime,機械,ロボット・FA
7004,カナデビア,Prime,機械,ロボット・FA
7011,三菱重工業,Prime,機械,ロボット・FA
7012,川崎重工業,Prime,輸送用機器,内需・ディフェンシブ
7013,ＩＨＩ,Prime,機械,ロボット・FA
7014,名村造船所,Standard,輸送用機器,内需・ディフェンシブ
7018,内海造船,Standard,輸送用機器,内需・ディフェンシブ
7021,ニッチツ,Standard,機械,ロボット・FA
7022,サノヤスホールディングス,Standard,機械,ロボット・FA
7030,スプリックス,Standard,サービス業,サービス
7031,インバウンドテック,Growth,サービス業,サービス
7033,マネジメントソリューションズ,Prime,サービス業,サービス
7034,プロレド・パートナーズ,Prime,サービス業,サービス
7035,ａｎｄ　ｆａｃｔｏｒｙ,Standard,サービス業,サービス
7036,イーエムネットジャパン,Growth,サービス業,サービス
7037,テノ．ホールディングス,Standard,サービス業,サービス
7038,フロンティア・マネジメント,Prime,サービス業,サービス
7039,ブリッジインターナショナルグループ,Growth,サービス業,サービス
7040,サン・ライフホールディング,Standard,サービス業,サービス
7041,ＣＲＧホールディングス,Growth,サービス業,サービス
7042,アクセスグループ・ホールディングス,Standard,サービス業,サービス
7043,アルー,Growth,サービス業,サービス
7044,ピアラ,Standard,サービス業,サービス
7046,ＴＤＳＥ,Growth,サービス業,サービス
7047,ポート,Growth,サービス業,サービス
7048,ベルトラ,Growth,サービス業,サービス
7049,識学,Growth,サービス業,サービス
7050,フロンティアインターナショナル,Growth,サービス業,サービス
7056,マルク,PRO,サービス業,サービス
7057,エヌ・シー・エヌ,Standard,サービス業,サービス
7058,共栄セキュリティーサービス,Standard,サービス業,サービス
7059,コプロ・ホールディングス,Prime,サービス業,サービス
7060,ギークス,Standard,サービス業,サービス
7061,日本ホスピスホールディングス,Growth,サービス業,サービス
7062,フレアス,Growth,サービス業,サービス
7063,Ｂｉｒｄｍａｎ,Growth,サービス業,サービス
7064,ハウテレビジョン,Standard,サービス業,サービス
7065,ユーピーアール,Standard,サービス業,サービス
7066,ピアズ,Growth,サービス業,サービス
7067,ブランディングテクノロジー,Growth,サービス業,サービス
7068,フィードフォースグループ,Growth,サービス業,サービス
7069,サイバー・バズ,Growth,サービス業,サービス
7071,アンビスホールディングス,Prime,サービス業,サービス
7072,インティメート・マージャー,Growth,サービス業,サービス
7073,ジェイック,Growth,サービス業,サービス
7074,トゥエンティーフォーセブンホールディングス,Growth,サービス業,サービス
7075,ＱＬＳホールディングス,Growth,サービス業,サービス
7077,ＡＬｉＮＫインターネット,Growth,サービス業,サービス
7078,ＩＮＣＬＵＳＩＶＥ　Ｈｏｌｄｉｎｇｓ,Growth,サービス業,サービス
7079,ＷＤＢココ,Growth,サービス業,サービス
7080,スポーツフィールド,Growth,サービス業,サービス
7081,コーユーレンティア,Standard,サービス業,サービス
7082,ジモティー,Growth,サービス業,サービス
7083,ＡＨＣグループ,Growth,サービス業,サービス
7084,Ｓｍｉｌｅ　Ｈｏｌｄｉｎｇｓ,Growth,サービス業,サービス
7085,カーブスホールディングス,Prime,サービス業,サービス
7087,ウイルテック,Standard,サービス業,サービス
7088,フォーラムエンジニアリング,Prime,サービス業,サービス
7089,フォースタートアップス,Growth,サービス業,サービス
7090,リグア,Growth,サービス業,サービス
7091,リビングプラットフォーム,Growth,サービス業,サービス
7092,Ｆａｓｔ　Ｆｉｔｎｅｓｓ　Ｊａｐａｎ,Prime,サービス業,サービス
7093,アディッシュ,Growth,サービス業,サービス
7094,ＮｅｘＴｏｎｅ,Growth,サービス業,サービス
7095,Ｍａｃｂｅｅ　Ｐｌａｎｅｔ,Prime,サービス業,サービス
7096,ステムセル研究所,Growth,サービス業,サービス
7097,さくらさくプラス,Growth,サービス業,サービス
7098,エージェント,PRO,サービス業,サービス
7102,日本車輌製造,Prime,輸送用機器,内需・ディフェンシブ
7105,三菱ロジスネクスト,Standard,輸送用機器,内需・ディフェンシブ
7110,クラシコム,Growth,小売業,内需・ディフェンシブ
7111,ＩＮＥＳＴ,Standard,卸売業,内需・ディフェンシブ
7112,キューブ,Growth,小売業,内需・ディフェンシブ
7114,フーディソン,Growth,卸売業,内需・ディフェンシブ
7115,アルファパーチェス,Standard,卸売業,内需・ディフェンシブ
7119,ハルメクホールディングス,Growth,小売業,内需・ディフェンシブ
7120,ＳＨＩＮＫＯ,Standard,卸売業,内需・ディフェンシブ
7122,近畿車輛,Standard,輸送用機器,内需・ディフェンシブ
7126,グローバルスタイル,Standard,小売業,内需・ディフェンシブ
7127,一家ホールディングス,Standard,小売業,内需・ディフェンシブ
7128,ユニソルホールディングス,Prime,卸売業,内需・ディフェンシブ
7129,ミアヘルサホールディングス,Standard,小売業,内需・ディフェンシブ
7130,ヤマエグループホールディングス,Prime,卸売業,内需・ディフェンシブ
7131,のむら産業,Standard,卸売業,内需・ディフェンシブ
7132,フローバル,PRO,卸売業,内需・ディフェンシブ
7133,ＨＹＵＧＡ　ＰＲＩＭＡＲＹ　ＣＡＲＥ,Growth,小売業,内需・ディフェンシブ
7134,アップガレージグループ,Standard,小売業,内需・ディフェンシブ
7135,ジャパンクラフトホールディングス,Standard,小売業,内需・ディフェンシブ
7136,ウェルビングループ,PRO,小売業,内需・ディフェンシブ
7137,グラントマト,PRO,小売業,内需・ディフェンシブ
7138,ＴＯＲＩＣＯ,Growth,小売業,内需・ディフェンシブ
7139,東京高圧山崎,PRO,卸売業,内需・ディフェンシブ
7140,ペットゴー,Growth,小売業,内需・ディフェンシブ
7148,ＦＰＧ,Prime,証券、商品先物取引業,フィンテック・暗号資産
7150,島根銀行,Standard,銀行業,内需・ディフェンシブ
7157,ライフネット生命保険,Prime,保険業,内需・ディフェンシブ
7161,じもとホールディングス,Standard,銀行業,内需・ディフェンシブ
7162,アストマックス,Standard,電気・ガス業,環境・再エネ
7164,全国保証,Prime,その他金融業,フィンテック・暗号資産
7167,めぶきフィナンシャルグループ,Prime,銀行業,内需・ディフェンシブ
7170,中央インターナショナルグループ,PRO,保険業,内需・ディフェンシブ
7172,ジャパンインベストメントアドバイザー,Prime,証券、商品先物取引業,フィンテック・暗号資産
7173,東京きらぼしフィナンシャルグループ,Prime,銀行業,内需・ディフェンシブ
7175,今村証券,Standard,証券、商品先物取引業,フィンテック・暗号資産
7176,シンプレクス・ファイナンシャル・ホールディングス,PRO,証券、商品先物取引業,フィンテック・暗号資産
7177,ＧＭＯフィナンシャルホールディングス,Standard,証券、商品先物取引業,フィンテック・暗号資産
7180,九州フィナンシャルグループ,Prime,銀行業,内需・ディフェンシブ
7181,かんぽ生命保険,Prime,保険業,内需・ディフェンシブ
7182,ゆうちょ銀行,Prime,銀行業,内需・ディフェンシブ
7183,あんしん保証,Standard,その他金融業,フィンテック・暗号資産
7184,富山第一銀行,Prime,銀行業,内需・ディフェンシブ
7185,ヒロセ通商,Standard,証券、商品先物取引業,フィンテック・暗号資産
7186,横浜フィナンシャルグループ,Prime,銀行業,内需・ディフェンシブ
7187,ジェイリース,Prime,その他金融業,フィンテック・暗号資産
7189,西日本フィナンシャルホールディングス,Prime,銀行業,内需・ディフェンシブ
7191,イントラスト,Standard,その他金融業,フィンテック・暗号資産
7192,日本モーゲージサービス,Standard,その他金融業,フィンテック・暗号資産
7196,Ｃａｓａ,Standard,その他金融業,フィンテック・暗号資産
7198,ＳＢＩアルヒ,Prime,その他金融業,フィンテック・暗号資産
7199,プレミアグループ,Prime,その他金融業,フィンテック・暗号資産
7201,日産自動車,Prime,輸送用機器,内需・ディフェンシブ
7202,いすゞ自動車,Prime,輸送用機器,内需・ディフェンシブ
7203,トヨタ自動車,Prime,輸送用機器,内需・ディフェンシブ
7208,カネミツ,Standard,輸送用機器,内需・ディフェンシブ
7211,三菱自動車工業,Prime,輸送用機器,内需・ディフェンシブ
7212,エフテック,Standard,輸送用機器,内需・ディフェンシブ
7213,レシップホールディングス,Standard,輸送用機器,内需・ディフェンシブ
7214,ＧＭＢ,Standard,輸送用機器,内需・ディフェンシブ
7215,ファルテック,Standard,輸送用機器,内需・ディフェンシブ
7217,テイン,Standard,輸送用機器,内需・ディフェンシブ
7218,田中精密工業,Standard,輸送用機器,内需・ディフェンシブ
7219,エッチ・ケー・エス,Standard,輸送用機器,内需・ディフェンシブ
7220,武蔵精密工業,Prime,輸送用機器,内需・ディフェンシブ
7222,日産車体,Standard,輸送用機器,内需・ディフェンシブ
7224,新明和工業,Prime,輸送用機器,内需・ディフェンシブ
7226,極東開発工業,Prime,輸送用機器,内需・ディフェンシブ
7228,デイトナ,Standard,輸送用機器,内需・ディフェンシブ
7229,ユタカ技研,Standard,輸送用機器,内需・ディフェンシブ
7231,トピー工業,Prime,輸送用機器,内需・ディフェンシブ
7235,東京ラヂエーター製造,Standard,輸送用機器,内需・ディフェンシブ
7236,ティラド,Prime,輸送用機器,内需・ディフェンシブ
7238,曙ブレーキ工業,Prime,輸送用機器,内需・ディフェンシブ
7239,タチエス,Prime,輸送用機器,内需・ディフェンシブ
7240,ＮＯＫ,Prime,輸送用機器,内需・ディフェンシブ
7241,フタバ産業,Prime,輸送用機器,内需・ディフェンシブ
7242,カヤバ,Prime,輸送用機器,内需・ディフェンシブ
7244,市光工業,Prime,電気機器,半導体関連
7245,大同メタル工業,Prime,輸送用機器,内需・ディフェンシブ
7246,プレス工業,Prime,輸送用機器,内需・ディフェンシブ
7247,ミクニ,Standard,輸送用機器,内需・ディフェンシブ
7250,太平洋工業,Prime,輸送用機器,内需・ディフェンシブ
7254,ユニバンス,Standard,輸送用機器,内需・ディフェンシブ
7255,桜井製作所,Standard,輸送用機器,内需・ディフェンシブ
7256,河西工業,Standard,輸送用機器,内需・ディフェンシブ
7259,アイシン,Prime,輸送用機器,内需・ディフェンシブ
7261,マツダ,Prime,輸送用機器,内需・ディフェンシブ
7264,ムロコーポレーション,Standard,輸送用機器,内需・ディフェンシブ
7265,エイケン工業,Standard,輸送用機器,内需・ディフェンシブ
7266,今仙電機製作所,Standard,輸送用機器,内需・ディフェンシブ
7267,本田技研工業,Prime,輸送用機器,内需・ディフェンシブ
7269,スズキ,Prime,輸送用機器,内需・ディフェンシブ
7270,ＳＵＢＡＲＵ,Prime,輸送用機器,内需・ディフェンシブ
7271,安永,Standard,輸送用機器,内需・ディフェンシブ
7272,ヤマハ発動機,Prime,輸送用機器,内需・ディフェンシブ
7273,イクヨ,Standard,輸送用機器,内需・ディフェンシブ
7276,小糸製作所,Prime,電気機器,半導体関連
7277,ＴＢＫ,Standard,輸送用機器,内需・ディフェンシブ
7278,エクセディ,Prime,輸送用機器,内需・ディフェンシブ
7279,ハイレックスコーポレーション,Standard,輸送用機器,内需・ディフェンシブ
7280,ミツバ,Prime,電気機器,半導体関連
7282,豊田合成,Prime,輸送用機器,内需・ディフェンシブ
7283,愛三工業,Prime,輸送用機器,内需・ディフェンシブ
7284,盟和産業,Standard,輸送用機器,内需・ディフェンシブ
7287,日本精機,Standard,輸送用機器,内需・ディフェンシブ
7291,日本プラスト,Standard,輸送用機器,内需・ディフェンシブ
7292,村上開明堂,Standard,輸送用機器,内需・ディフェンシブ
7294,ヨロズ,Prime,輸送用機器,内需・ディフェンシブ
7296,エフ・シー・シー,Prime,輸送用機器,内需・ディフェンシブ
7297,カーメイト,Standard,輸送用機器,内需・ディフェンシブ
7299,フジオーゼックス,Standard,輸送用機器,内需・ディフェンシブ
7305,新家工業,Standard,鉄鋼,内需・ディフェンシブ
7309,シマノ,Prime,輸送用機器,内需・ディフェンシブ
7313,テイ・エス　テック,Prime,輸送用機器,内需・ディフェンシブ
7314,小田原機器,Standard,輸送用機器,内需・ディフェンシブ
7317,松屋アールアンドディ,Growth,輸送用機器,内需・ディフェンシブ
7318,セレンディップ・ホールディングス,Growth,輸送用機器,内需・ディフェンシブ
7320,Ｓｏｌｖｖｙ,Growth,その他金融業,フィンテック・暗号資産
7322,三十三フィナンシャルグループ,Prime,銀行業,内需・ディフェンシブ
7325,アイリックコーポレーション,Growth,保険業,内需・ディフェンシブ
7326,ＳＢＩインシュアランスグループ,Growth,保険業,内需・ディフェンシブ
7327,第四北越フィナンシャルグループ,Prime,銀行業,内需・ディフェンシブ
7337,ひろぎんホールディングス,Prime,銀行業,内需・ディフェンシブ
7343,ブロードマインド,Growth,保険業,内需・ディフェンシブ
7345,アイ・パートナーズフィナンシャル,Growth,その他金融業,フィンテック・暗号資産
7347,マーキュリアホールディングス,Prime,証券、商品先物取引業,フィンテック・暗号資産
7350,おきなわフィナンシャルグループ,Prime,銀行業,内需・ディフェンシブ
7351,グッドパッチ,Growth,サービス業,サービス
7352,ＴＷＯＳＴＯＮＥ＆Ｓｏｎｓ,Growth,サービス業,サービス
7353,ＫＩＹＯラーニング,Growth,サービス業,サービス
7354,ダイレクトマーケティングミックス,Standard,サービス業,サービス
7355,一寸房,PRO,サービス業,サービス
7356,Ｒｅｔｔｙ,Growth,サービス業,サービス
7357,ジオコード,Standard,サービス業,サービス
7358,ポピンズ,Standard,サービス業,サービス
7359,東京通信グループ,Growth,サービス業,サービス
7360,オンデック,Growth,サービス業,サービス
7361,ヒューマンクリエイションホールディングス,Growth,サービス業,サービス
7362,Ｔ．Ｓ．Ｉ,Growth,サービス業,サービス
7363,ベビーカレンダー,Growth,サービス業,サービス
7364,琉球アスティーダスポーツクラブ,PRO,サービス業,サービス
7366,ＬＩＴＡＬＩＣＯ,Prime,サービス業,サービス
7367,セルム,Standard,サービス業,サービス
7368,表示灯,Standard,サービス業,サービス
7369,メイホーホールディングス,Growth,サービス業,サービス
7370,Ｅｎｊｉｎ,Growth,サービス業,サービス
7371,Ｚｅｎｋｅｎ,Growth,サービス業,サービス
7372,デコルテ・ホールディングス,Growth,サービス業,サービス
7373,アイドマ・ホールディングス,Growth,サービス業,サービス
7374,コンフィデンス・インターワークス,Growth,サービス業,サービス
7375,リファインバースグループ,Growth,サービス業,サービス
7376,ＢＣＣ,Growth,サービス業,サービス
7377,ＤＮホールディングス,Standard,サービス業,サービス
7378,アシロ,Growth,サービス業,サービス
7380,十六フィナンシャルグループ,Prime,銀行業,内需・ディフェンシブ
7381,ＣＣＩグループ,Prime,銀行業,内需・ディフェンシブ
7383,ネットプロテクションズホールディングス,Prime,その他金融業,フィンテック・暗号資産
7384,プロクレアホールディングス,Prime,銀行業,内需・ディフェンシブ
7388,ＦＰパートナー,Prime,保険業,内需・ディフェンシブ
7389,あいちフィナンシャルグループ,Prime,銀行業,内需・ディフェンシブ
7399,ナンシン,Standard,輸送用機器,内需・ディフェンシブ
7409,ＡｅｒｏＥｄｇｅ,Growth,輸送用機器,内需・ディフェンシブ
7412,アトム,Standard,小売業,内需・ディフェンシブ
7413,創健社,Standard,卸売業,内需・ディフェンシブ
7414,小野建,Prime,卸売業,内需・ディフェンシブ
7416,はるやまホールディングス,Standard,小売業,内需・ディフェンシブ
7417,南陽,Standard,卸売業,内需・ディフェンシブ
7419,ノジマ,Prime,小売業,内需・ディフェンシブ
7421,カッパ・クリエイト,Prime,小売業,内需・ディフェンシブ
7422,東邦レマック,Standard,卸売業,内需・ディフェンシブ
7425,初穂商事,Standard,卸売業,内需・ディフェンシブ
7426,山大,Standard,卸売業,内需・ディフェンシブ
7427,エコートレーディング,Standard,卸売業,内需・ディフェンシブ
7433,伯東,Prime,卸売業,内需・ディフェンシブ
7434,オータケ,Standard,卸売業,内需・ディフェンシブ
7435,ナ・デックス,Standard,卸売業,内需・ディフェンシブ
7438,コンドーテック,Prime,卸売業,内需・ディフェンシブ
7442,中山福,Standard,卸売業,内需・ディフェンシブ
7443,横浜魚類,Standard,卸売業,内需・ディフェンシブ
7444,ハリマ共和物産,Standard,卸売業,内需・ディフェンシブ
7446,東北化学薬品,Standard,卸売業,内需・ディフェンシブ
7447,ナガイレーベン,Prime,卸売業,内需・ディフェンシブ
7450,サンデー,Standard,小売業,内需・ディフェンシブ
7453,良品計画,Prime,小売業,内需・ディフェンシブ
7456,松田産業,Prime,卸売業,内需・ディフェンシブ
7458,第一興商,Prime,卸売業,内需・ディフェンシブ
7459,メディパルホールディングス,Prime,卸売業,内需・ディフェンシブ
7460,ヤギ,Standard,卸売業,内需・ディフェンシブ
7461,キムラ,Standard,卸売業,内需・ディフェンシブ
7462,ＣＡＰＩＴＡ,Standard,小売業,内需・ディフェンシブ
7463,アドヴァングループ,Standard,小売業,内需・ディフェンシブ
7464,セフテック,Standard,卸売業,内需・ディフェンシブ
7466,ＳＰＫ,Prime,卸売業,内需・ディフェンシブ
7472,鳥羽洋行,Standard,卸売業,内需・ディフェンシブ
7475,アルビス,Prime,小売業,内需・ディフェンシブ
7476,アズワン,Prime,卸売業,内需・ディフェンシブ
7477,ムラキ,Standard,卸売業,内需・ディフェンシブ
7480,スズデン,Standard,卸売業,内需・ディフェンシブ
7481,尾家産業,Standard,卸売業,内需・ディフェンシブ
7482,シモジマ,Prime,卸売業,内需・ディフェンシブ
7483,ドウシシャ,Prime,卸売業,内需・ディフェンシブ
7486,サンリン,Standard,卸売業,内需・ディフェンシブ
7487,小津産業,Standard,卸売業,内需・ディフェンシブ
7490,日新商事,Standard,卸売業,内需・ディフェンシブ
7494,コナカ,Standard,小売業,内需・ディフェンシブ
7500,西川計測,Standard,卸売業,内需・ディフェンシブ
7501,ティムコ,Standard,卸売業,内需・ディフェンシブ
7502,プラザホールディングス,Standard,サービス業,サービス
7504,高速,Prime,卸売業,内需・ディフェンシブ
7505,扶桑電通,Standard,卸売業,内需・ディフェンシブ
7506,ハウス　オブ　ローゼ,Standard,小売業,内需・ディフェンシブ
7508,Ｇ‐７ホールディングス,Prime,小売業,内需・ディフェンシブ
7509,アイエーグループ,Standard,小売業,内需・ディフェンシブ
7510,たけびし,Prime,卸売業,内需・ディフェンシブ
7512,イオン北海道,Standard,小売業,内需・ディフェンシブ
7513,コジマ,Prime,小売業,内需・ディフェンシブ
7514,ヒマラヤ,Standard,小売業,内需・ディフェンシブ
7515,マルヨシセンター,Standard,小売業,内需・ディフェンシブ
7516,コーナン商事,Prime,小売業,内需・ディフェンシブ
7520,エコス,Prime,小売業,内需・ディフェンシブ
7521,ムサシ,Standard,卸売業,内需・ディフェンシブ
7522,ワタミ,Prime,小売業,内需・ディフェンシブ
7523,アールビバン,Standard,小売業,内需・ディフェンシブ
7524,マルシェ,Standard,小売業,内需・ディフェンシブ
7525,リックス,Prime,卸売業,内需・ディフェンシブ
7527,システムソフト,Standard,情報・通信業,DX・SaaS
7531,清和中央ホールディングス,Standard,卸売業,内需・ディフェンシブ
7532,パン・パシフィック・インターナショナルホールディングス,Prime,小売業,内需・ディフェンシブ
7537,丸文,Prime,卸売業,内需・ディフェンシブ
7538,大水,Standard,卸売業,内需・ディフェンシブ
7539,アイナボホールディングス,Standard,卸売業,内需・ディフェンシブ
7544,スリーエフ,Standard,小売業,内需・ディフェンシブ
7545,西松屋チェーン,Prime,小売業,内需・ディフェンシブ
7550,ゼンショーホールディングス,Prime,小売業,内需・ディフェンシブ
7551,ウェッズ,Standard,輸送用機器,内需・ディフェンシブ
7552,ハピネット,Prime,卸売業,内需・ディフェンシブ
7554,幸楽苑,Prime,小売業,内需・ディフェンシブ
7555,大田花き,Standard,卸売業,内需・ディフェンシブ
7561,ハークスレイ,Standard,小売業,内需・ディフェンシブ
7562,安楽亭,Standard,小売業,内需・ディフェンシブ
7564,ワークマン,Standard,小売業,内需・ディフェンシブ
7565,萬世電機,Standard,卸売業,内需・ディフェンシブ
7567,栄電子,Standard,卸売業,内需・ディフェンシブ
7570,橋本総業ホールディングス,Standard,卸売業,内需・ディフェンシブ
7571,ヤマノホールディングス,Standard,小売業,内需・ディフェンシブ
7575,日本ライフライン,Prime,卸売業,内需・ディフェンシブ
7578,ニチリョク,Standard,小売業,内需・ディフェンシブ
7581,サイゼリヤ,Prime,小売業,内需・ディフェンシブ
7585,かんなん丸,Standard,小売業,内需・ディフェンシブ
7590,タカショー,Standard,卸売業,内需・ディフェンシブ
7593,ＶＴホールディングス,Prime,小売業,内需・ディフェンシブ
7595,アルゴグラフィックス,Prime,情報・通信業,DX・SaaS
7596,魚力,Prime,小売業,内需・ディフェンシブ
7599,ＩＤＯＭ,Prime,卸売業,内需・ディフェンシブ
7600,日本エム・ディ・エム,Prime,精密機器,半導体関連
7601,ポプラ,Standard,小売業,内需・ディフェンシブ
7602,レダックス,Standard,卸売業,内需・ディフェンシブ
7603,ジーイエット,Standard,小売業,内需・ディフェンシブ
7604,梅の花グループ,Standard,小売業,内需・ディフェンシブ
7606,ユナイテッドアローズ,Prime,小売業,内需・ディフェンシブ
7607,進和,Prime,卸売業,内需・ディフェンシブ
7608,エスケイジャパン,Standard,卸売業,内需・ディフェンシブ
7609,ダイトロン,Prime,卸売業,内需・ディフェンシブ
7610,テイツー,Standard,小売業,内需・ディフェンシブ
7611,ハイデイ日高,Prime,小売業,内需・ディフェンシブ
7613,シークス,Prime,卸売業,内需・ディフェンシブ
7614,オーエムツーネットワーク,Standard,小売業,内需・ディフェンシブ
7615,京都きもの友禅ホールディングス,Standard,小売業,内需・ディフェンシブ
7616,コロワイド,Prime,小売業,内需・ディフェンシブ
7619,田中商事,Standard,卸売業,内需・ディフェンシブ
7621,うかい,Standard,小売業,内需・ディフェンシブ
7624,ＮａＩＴＯ,Standard,卸売業,内需・ディフェンシブ
7625,グローバルダイニング,Standard,小売業,内需・ディフェンシブ
7628,オーハシテクニカ,Prime,卸売業,内需・ディフェンシブ
7630,壱番屋,Prime,小売業,内需・ディフェンシブ
7634,星医療酸器,Standard,卸売業,内需・ディフェンシブ
7636,ハンズマン,Standard,小売業,内需・ディフェンシブ
7637,白銅,Prime,卸売業,内需・ディフェンシブ
7638,ＮＥＷ　ＡＲＴ　ＨＯＬＤＩＮＧＳ,Standard,小売業,内需・ディフェンシブ
7640,トップカルチャー,Standard,小売業,内需・ディフェンシブ
7643,ダイイチ,Standard,小売業,内需・ディフェンシブ
7646,ＰＬＡＮＴ,Standard,小売業,内需・ディフェンシブ
7649,スギホールディングス,Prime,小売業,内需・ディフェンシブ
7670,オーウエル,Standard,卸売業,内需・ディフェンシブ
7673,ダイコー通産,Standard,卸売業,内需・ディフェンシブ
7674,ＮＡＴＴＹ　ＳＷＡＮＫＹホールディングス,Growth,小売業,内需・ディフェンシブ
7677,ヤシマキザイ,Standard,卸売業,内需・ディフェンシブ
7678,あさくま,Standard,小売業,内需・ディフェンシブ
7679,薬王堂ホールディングス,Prime,小売業,内需・ディフェンシブ
7680,軽自動車館,PRO,小売業,内需・ディフェンシブ
7681,レオクラン,Standard,卸売業,内需・ディフェンシブ
7682,浜木綿,Standard,小売業,内需・ディフェンシブ
7683,ダブルエー,Prime,小売業,内需・ディフェンシブ
7685,ＢｕｙＳｅｌｌ　Ｔｅｃｈｎｏｌｏｇｉｅｓ,Growth,卸売業,内需・ディフェンシブ
7686,ひとまいる,Standard,小売業,内需・ディフェンシブ
7687,ミクリード,Growth,卸売業,内需・ディフェンシブ
7689,コパ・コーポレーション,Growth,卸売業,内需・ディフェンシブ
7690,カレント自動車,PRO,卸売業,内需・ディフェンシブ
7691,Ｃ　Ｃｈａｎｎｅｌ,PRO,小売業,内需・ディフェンシブ
7692,アースインフィニティ,Standard,電気・ガス業,環境・再エネ
7693,北海道歯科産業,PRO,卸売業,内需・ディフェンシブ
7694,いつも,Growth,小売業,内需・ディフェンシブ
7695,交換できるくん,Growth,小売業,内需・ディフェンシブ
7698,アイスコ,Standard,卸売業,内需・ディフェンシブ
7701,島津製作所,Prime,精密機器,半導体関連
7702,ＪＭＳ,Standard,精密機器,半導体関連
7707,プレシジョン・システム・サイエンス,Growth,精密機器,半導体関連
7709,クボテック,Standard,精密機器,半導体関連
7711,助川電気工業,Standard,精密機器,半導体関連
7713,シグマ光機,Standard,精密機器,半導体関連
7715,長野計器,Prime,精密機器,半導体関連
7716,ナカニシ,Standard,精密機器,半導体関連
7717,ブイ・テクノロジー,Prime,精密機器,半導体関連
7719,東京衡機,Standard,精密機器,半導体関連
7721,東京計器,Prime,精密機器,半導体関連
7722,国際計測器,Standard,精密機器,半導体関連
7723,愛知時計電機,Prime,精密機器,半導体関連
7725,インターアクション,Prime,精密機器,半導体関連
7726,黒田精工,Standard,機械,ロボット・FA
7727,オーバル,Standard,精密機器,半導体関連
7729,東京精密,Prime,精密機器,半導体関連
7730,マニー,Prime,精密機器,半導体関連
7731,ニコン,Prime,精密機器,半導体関連
7733,オリンパス,Prime,精密機器,半導体関連
7734,理研計器,Prime,精密機器,半導体関連
7735,ＳＣＲＥＥＮホールディングス,Prime,電気機器,半導体関連
7739,キヤノン電子,Prime,電気機器,半導体関連
7740,タムロン,Prime,精密機器,半導体関連
7741,ＨＯＹＡ,Prime,精密機器,半導体関連
7743,シード,Standard,精密機器,半導体関連
7744,ノーリツ鋼機,Prime,精密機器,半導体関連
7745,Ａ＆Ｄホロンホールディングス,Prime,精密機器,半導体関連
7746,岡本硝子,Standard,精密機器,半導体関連
7747,朝日インテック,Prime,精密機器,半導体関連
7749,メディキット,Standard,精密機器,半導体関連
7751,キヤノン,Prime,電気機器,半導体関連
7752,リコー,Prime,電気機器,半導体関連
7760,ＩＭＶ,Standard,精密機器,半導体関連
7762,シチズン時計,Prime,精密機器,半導体関連
7769,リズム,Prime,精密機器,半導体関連
7771,日本精密,Standard,精密機器,半導体関連
7774,ジャパン・ティッシュエンジニアリング,Growth,精密機器,半導体関連
7775,大研医器,Standard,精密機器,半導体関連
7776,セルシード,Growth,精密機器,半導体関連
7777,スリー・ディー・マトリックス,Growth,精密機器,バイオ・医療
7779,ＣＹＢＥＲＤＹＮＥ,Growth,精密機器,半導体関連
7780,メニコン,Prime,精密機器,半導体関連
7781,平山ホールディングス,Standard,精密機器,半導体関連
7782,シンシア,Standard,精密機器,半導体関連
7791,ドリームベッド,Standard,その他製品,ゲーム・エンタメ
7792,コラントッテ,Growth,その他製品,ゲーム・エンタメ
7793,イメージ・マジック,Growth,その他製品,ゲーム・エンタメ
7794,イーディーピー,Growth,その他製品,ゲーム・エンタメ
7795,ＫＹＯＲＩＴＳＵ,Standard,その他製品,ゲーム・エンタメ
7800,アミファ,Standard,その他製品,ゲーム・エンタメ
7803,ブシロード,Growth,その他製品,ゲーム・エンタメ
7804,ビーアンドピー,Standard,その他製品,ゲーム・エンタメ
7805,プリントネット,Standard,その他製品,ゲーム・エンタメ
7806,ＭＴＧ,Growth,その他製品,ゲーム・エンタメ
7807,幸和製作所,Standard,その他製品,ゲーム・エンタメ
7808,シー・エス・ランバー,Standard,その他製品,ゲーム・エンタメ
7809,壽屋,Standard,その他製品,ゲーム・エンタメ
7810,クロスフォー,Standard,その他製品,ゲーム・エンタメ
7811,中本パックス,Standard,その他製品,ゲーム・エンタメ
7812,クレステック,Standard,その他製品,ゲーム・エンタメ
7813,プラッツ,Standard,その他製品,ゲーム・エンタメ
7814,日本創発グループ,Standard,その他製品,ゲーム・エンタメ
7815,東京ボード工業,Standard,その他製品,ゲーム・エンタメ
7818,トランザクション,Prime,その他製品,ゲーム・エンタメ
7819,粧美堂,Standard,その他製品,ゲーム・エンタメ
7820,ニホンフラッシュ,Prime,その他製品,ゲーム・エンタメ
7821,前田工繊,Prime,その他製品,ゲーム・エンタメ
7822,永大産業,Standard,その他製品,ゲーム・エンタメ
7823,アートネイチャー,Standard,その他製品,ゲーム・エンタメ
7826,フルヤ金属,Prime,その他製品,ゲーム・エンタメ
7827,オービス,Standard,その他製品,ゲーム・エンタメ
7831,ウイルコホールディングス,Standard,その他製品,ゲーム・エンタメ
7832,バンダイナムコホールディングス,Prime,その他製品,ゲーム・エンタメ
7833,アイフィスジャパン,Standard,その他製品,ゲーム・エンタメ
7836,アビックス,Standard,その他製品,ゲーム・エンタメ
7837,アールシーコア,Standard,その他製品,ゲーム・エンタメ
7839,ＳＨＯＥＩ,Prime,その他製品,ゲーム・エンタメ
7840,フランスベッドホールディングス,Prime,その他製品,ゲーム・エンタメ
7841,遠藤製作所,Standard,その他製品,ゲーム・エンタメ
7844,マーベラス,Prime,情報・通信業,DX・SaaS
7846,パイロットコーポレーション,Prime,その他製品,ゲーム・エンタメ
7847,グラファイトデザイン,Standard,その他製品,ゲーム・エンタメ
7849,スターツ出版,Standard,情報・通信業,DX・SaaS
7850,総合商研,Standard,その他製品,ゲーム・エンタメ
7851,カワセコンピュータサプライ,Standard,その他製品,ゲーム・エンタメ
7856,萩原工業,Prime,その他製品,ゲーム・エンタメ
7857,セキ,Standard,その他製品,ゲーム・エンタメ
7859,アルメディオ,Standard,その他製品,ゲーム・エンタメ
7860,エイベックス,Prime,情報・通信業,DX・SaaS
7863,平賀,Standard,その他製品,ゲーム・エンタメ
7864,フジシールインターナショナル,Prime,その他製品,ゲーム・エンタメ
7865,ピープル,Standard,その他製品,ゲーム・エンタメ
7867,タカラトミー,Prime,その他製品,ゲーム・エンタメ
7868,広済堂ホールディングス,Prime,その他製品,ゲーム・エンタメ
7871,フクビ化学工業,Standard,化学,半導体関連
7872,エステールホールディングス,Standard,その他製品,ゲーム・エンタメ
7874,レック,Prime,化学,半導体関連
7875,竹田ｉＰホールディングス,Standard,その他製品,ゲーム・エンタメ
7877,永大化工,Standard,化学,半導体関連
7878,光・彩,Standard,その他製品,ゲーム・エンタメ
7879,ノダ,Standard,その他製品,ゲーム・エンタメ
7883,サンメッセ,Standard,その他製品,ゲーム・エンタメ
7885,タカノ,Standard,その他製品,ゲーム・エンタメ
7886,ヤマト　モビリティ　＆　Ｍｆｇ．,Standard,化学,半導体関連
7887,南海プライウッド,Standard,その他製品,ゲーム・エンタメ
7888,三光合成,Prime,化学,半導体関連
7893,プロネクサス,Prime,その他製品,ゲーム・エンタメ
7896,セブン工業,Standard,その他製品,ゲーム・エンタメ
7897,ホクシン,Standard,その他製品,ゲーム・エンタメ
7898,ウッドワン,Standard,その他製品,ゲーム・エンタメ
7901,マツモト,Standard,その他製品,ゲーム・エンタメ
7902,ソノコム,Standard,その他製品,ゲーム・エンタメ
7906,ヨネックス,Standard,その他製品,ゲーム・エンタメ
7908,きもと,Standard,化学,半導体関連
7911,ＴＯＰＰＡＮホールディングス,Prime,その他製品,ゲーム・エンタメ
7912,大日本印刷,Prime,その他製品,ゲーム・エンタメ
7914,共同印刷,Prime,その他製品,ゲーム・エンタメ
7915,ＮＩＳＳＨＡ,Prime,その他製品,ゲーム・エンタメ
7916,光村印刷,Standard,その他製品,ゲーム・エンタメ
7917,ＺＡＣＲＯＳ,Prime,化学,半導体関連
7918,ヴィア・ホールディングス,Standard,小売業,内需・ディフェンシブ
7919,野崎印刷紙業,Standard,その他製品,ゲーム・エンタメ
7921,ＴＡＫＡＲＡ　＆　ＣＯＭＰＡＮＹ,Prime,その他製品,ゲーム・エンタメ
7922,三光産業,Standard,その他製品,ゲーム・エンタメ
7925,前澤化成工業,Prime,化学,半導体関連
7927,ムトー精工,Standard,化学,半導体関連
7928,旭化学工業,Standard,化学,半導体関連
7931,未来工業,Prime,化学,半導体関連
7932,ニッピ,Standard,その他製品,ゲーム・エンタメ
7936,アシックス,Prime,その他製品,ゲーム・エンタメ
7937,ツツミ,Standard,その他製品,ゲーム・エンタメ
7938,リーガルコーポレーション,Standard,その他製品,ゲーム・エンタメ
7939,研創,Standard,その他製品,ゲーム・エンタメ
7940,ウェーブロックホールディングス,Standard,化学,半導体関連
7942,ＪＳＰ,Prime,化学,半導体関連
7943,ニチハ,Prime,ガラス・土石製品,内需・ディフェンシブ
7944,ローランド,Prime,その他製品,ゲーム・エンタメ
7946,光陽社,Standard,その他製品,ゲーム・エンタメ
7947,エフピコ,Prime,化学,半導体関連
7949,小松ウオール工業,Prime,その他製品,ゲーム・エンタメ
7951,ヤマハ,Prime,その他製品,ゲーム・エンタメ
7952,河合楽器製作所,Prime,その他製品,ゲーム・エンタメ
7953,菊水化学工業,Standard,その他製品,ゲーム・エンタメ
7955,クリナップ,Prime,その他製品,ゲーム・エンタメ
7956,ピジョン,Prime,その他製品,ゲーム・エンタメ
7957,フジコピアン,Standard,その他製品,ゲーム・エンタメ
7962,キングジム,Prime,その他製品,ゲーム・エンタメ
7963,興研,Standard,その他製品,ゲーム・エンタメ
7965,象印マホービン,Prime,電気機器,半導体関連
7966,リンテック,Prime,その他製品,ゲーム・エンタメ
7970,信越ポリマー,Prime,化学,半導体関連
7971,東リ,Standard,化学,半導体関連
7972,イトーキ,Prime,その他製品,ゲーム・エンタメ
7974,任天堂,Prime,その他製品,ゲーム・エンタメ
7975,リヒトラブ,Standard,その他製品,ゲーム・エンタメ
7976,三菱鉛筆,Prime,その他製品,ゲーム・エンタメ
7979,松風,Prime,精密機器,半導体関連
7980,重松製作所,Standard,その他製品,ゲーム・エンタメ
7981,タカラスタンダード,Prime,その他製品,ゲーム・エンタメ
7983,ミロク,Standard,その他製品,ゲーム・エンタメ
7984,コクヨ,Prime,その他製品,ゲーム・エンタメ
7985,ネポン,Standard,金属製品,内需・ディフェンシブ
7986,日本アイ・エス・ケイ,Standard,その他製品,ゲーム・エンタメ
7987,ナカバヤシ,Standard,その他製品,ゲーム・エンタメ
7988,ニフコ,Prime,化学,半導体関連
7989,立川ブラインド工業,Prime,金属製品,内需・ディフェンシブ
7990,グローブライド,Prime,その他製品,ゲーム・エンタメ
7991,マミヤ・オーピー,Standard,機械,ロボット・FA
7992,セーラー万年筆,Standard,その他製品,ゲーム・エンタメ
7994,オカムラ,Prime,その他製品,ゲーム・エンタメ
7995,バルカー,Prime,化学,半導体関連
7997,くろがね工作所,Standard,その他製品,ゲーム・エンタメ
7999,ＭＵＴＯＨホールディングス,Standard,電気機器,半導体関連
8001,伊藤忠商事,Prime,卸売業,内需・ディフェンシブ
8002,丸紅,Prime,卸売業,内需・ディフェンシブ
8005,スクロール,Prime,小売業,内需・ディフェンシブ
8006,ユアサ・フナショク,Standard,卸売業,内需・ディフェンシブ
8007,高島,Prime,卸売業,内需・ディフェンシブ
8008,ヨンドシーホールディングス,Prime,小売業,内需・ディフェンシブ
8011,三陽商会,Prime,繊維製品,内需・ディフェンシブ
8012,長瀬産業,Prime,卸売業,内需・ディフェンシブ
8013,ナイガイ,Standard,繊維製品,内需・ディフェンシブ
8014,蝶理,Prime,卸売業,内需・ディフェンシブ
8015,豊田通商,Prime,卸売業,内需・ディフェンシブ
8016,オンワードホールディングス,Prime,繊維製品,内需・ディフェンシブ
8018,三共生興,Standard,卸売業,内需・ディフェンシブ
8020,兼松,Prime,卸売業,内需・ディフェンシブ
8022,美津濃,Prime,その他製品,ゲーム・エンタメ
8023,ＤＡＩＫＯ　ＸＴＥＣＨ,Standard,情報・通信業,DX・SaaS
8025,ツカモトコーポレーション,Standard,卸売業,内需・ディフェンシブ
8029,ルックホールディングス,Standard,繊維製品,内需・ディフェンシブ
8030,中央魚類,Standard,卸売業,内需・ディフェンシブ
8031,三井物産,Prime,卸売業,内需・ディフェンシブ
8032,日本紙パルプ商事,Prime,卸売業,内需・ディフェンシブ
8035,東京エレクトロン,Prime,電気機器,半導体関連
8037,カメイ,Prime,卸売業,内需・ディフェンシブ
8039,築地魚市場,Standard,卸売業,内需・ディフェンシブ
8040,東京ソワール,Standard,繊維製品,内需・ディフェンシブ
8041,ＯＵＧホールディングス,Standard,卸売業,内需・ディフェンシブ
8043,スターゼン,Prime,卸売業,内需・ディフェンシブ
8045,横浜丸魚,Standard,卸売業,内需・ディフェンシブ
8046,丸藤シートパイル,Standard,卸売業,内需・ディフェンシブ
8050,セイコーグループ,Prime,精密機器,半導体関連
8051,山善,Prime,卸売業,内需・ディフェンシブ
8052,椿本興業,Prime,卸売業,内需・ディフェンシブ
8053,住友商事,Prime,卸売業,内需・ディフェンシブ
8056,ＢＩＰＲＯＧＹ,Prime,情報・通信業,DX・SaaS
8057,内田洋行,Prime,卸売業,内需・ディフェンシブ
8058,三菱商事,Prime,卸売業,内需・ディフェンシブ
8059,第一実業,Prime,卸売業,内需・ディフェンシブ
8060,キヤノンマーケティングジャパン,Prime,卸売業,内需・ディフェンシブ
8061,西華産業,Prime,卸売業,内需・ディフェンシブ
8065,佐藤商事,Prime,卸売業,内需・ディフェンシブ
8066,三谷商事,Standard,卸売業,内需・ディフェンシブ
8070,東京産業,Prime,卸売業,内需・ディフェンシブ
8074,ユアサ商事,Prime,卸売業,内需・ディフェンシブ
8075,神鋼商事,Prime,卸売業,内需・ディフェンシブ
8076,カノークス,Standard,卸売業,内需・ディフェンシブ
8077,トルク,Standard,卸売業,内需・ディフェンシブ
8078,阪和興業,Prime,卸売業,内需・ディフェンシブ
8079,正栄食品工業,Prime,卸売業,内需・ディフェンシブ
8081,カナデン,Prime,卸売業,内需・ディフェンシブ
8084,ＲＹＯＤＥＮ,Prime,卸売業,内需・ディフェンシブ
8085,ナラサキ産業,Standard,卸売業,内需・ディフェンシブ
8086,ニプロ,Prime,精密機器,半導体関連
8088,岩谷産業,Prime,卸売業,内需・ディフェンシブ
8089,ナイス,Standard,卸売業,内需・ディフェンシブ
8091,ニチモウ,Prime,卸売業,内需・ディフェンシブ
8093,極東貿易,Prime,卸売業,内需・ディフェンシブ
8095,アステナホールディングス,Prime,卸売業,内需・ディフェンシブ
8097,三愛オブリ,Prime,卸売業,内需・ディフェンシブ
8098,稲畑産業,Prime,卸売業,内需・ディフェンシブ
8101,ＧＳＩクレオス,Prime,卸売業,内需・ディフェンシブ
8103,明和産業,Prime,卸売業,内需・ディフェンシブ
8104,クワザワホールディングス,Standard,卸売業,内需・ディフェンシブ
8105,Ｂｉｔｃｏｉｎ　Ｊａｐａｎ,Standard,卸売業,内需・ディフェンシブ
8107,キムラタン,Standard,繊維製品,内需・ディフェンシブ
8111,ゴールドウイン,Prime,繊維製品,内需・ディフェンシブ
8113,ユニ・チャーム,Prime,化学,半導体関連
8115,ムーンバット,Standard,卸売業,内需・ディフェンシブ
8117,中央自動車工業,Standard,卸売業,内需・ディフェンシブ
8118,キング,Standard,繊維製品,内需・ディフェンシブ
8119,三栄コーポレーション,Standard,卸売業,内需・ディフェンシブ
8123,川辺,Standard,卸売業,内需・ディフェンシブ
8125,ワキタ,Prime,卸売業,内需・ディフェンシブ
8127,ヤマトインターナショナル,Standard,繊維製品,内需・ディフェンシブ
8129,東邦ホールディングス,Prime,卸売業,内需・ディフェンシブ
8130,サンゲツ,Prime,卸売業,内需・ディフェンシブ
8131,ミツウロコグループホールディングス,Standard,卸売業,内需・ディフェンシブ
8132,シナネンホールディングス,Prime,卸売業,内需・ディフェンシブ
8133,伊藤忠エネクス,Prime,卸売業,内需・ディフェンシブ
8135,ゼット,Standard,卸売業,内需・ディフェンシブ
8136,サンリオ,Prime,卸売業,内需・ディフェンシブ
8137,サンワテクノス,Prime,卸売業,内需・ディフェンシブ
8138,三京化成,Standard,卸売業,内需・ディフェンシブ
8139,ナガホリ,Standard,卸売業,内需・ディフェンシブ
8141,新光商事,Prime,卸売業,内需・ディフェンシブ
8142,トーホー,Prime,卸売業,内需・ディフェンシブ
8143,ラピーヌ,Standard,繊維製品,内需・ディフェンシブ
8144,デンキョーグループホールディングス,Standard,卸売業,内需・ディフェンシブ
8147,トミタ,Standard,卸売業,内需・ディフェンシブ
8150,三信電気,Prime,卸売業,内需・ディフェンシブ
8151,東陽テクニカ,Prime,卸売業,内需・ディフェンシブ
8152,ソマール,Standard,卸売業,内需・ディフェンシブ
8153,モスフードサービス,Prime,卸売業,内需・ディフェンシブ
8154,加賀電子,Prime,卸売業,内需・ディフェンシブ
8157,都築電気,Prime,情報・通信業,DX・SaaS
8158,ソーダニッカ,Prime,卸売業,内需・ディフェンシブ
8159,立花エレテック,Prime,卸売業,内需・ディフェンシブ
8160,木曽路,Prime,小売業,内需・ディフェンシブ
8163,ＳＲＳホールディングス,Prime,小売業,内需・ディフェンシブ
8165,千趣会,Standard,小売業,内需・ディフェンシブ
8166,タカキュー,Standard,小売業,内需・ディフェンシブ
8167,リテールパートナーズ,Prime,小売業,内需・ディフェンシブ
8173,上新電機,Prime,小売業,内需・ディフェンシブ
8174,日本瓦斯,Prime,小売業,内需・ディフェンシブ
8179,ロイヤルホールディングス,Prime,小売業,内需・ディフェンシブ
8181,東天紅,Standard,小売業,内需・ディフェンシブ
8185,チヨダ,Prime,小売業,内需・ディフェンシブ
8194,ライフコーポレーション,Prime,小売業,内需・ディフェンシブ
8198,マックスバリュ東海,Standard,小売業,内需・ディフェンシブ
8200,リンガーハット,Prime,小売業,内需・ディフェンシブ
8202,ラオックスホールディングス,Standard,小売業,内需・ディフェンシブ
8203,ＭｒＭａｘＨＤ,Prime,小売業,内需・ディフェンシブ
8207,テンアライド,Standard,小売業,内需・ディフェンシブ
8209,フレンドリー,Standard,小売業,内需・ディフェンシブ
8214,ＡＯＫＩホールディングス,Prime,小売業,内需・ディフェンシブ
8217,オークワ,Prime,小売業,内需・ディフェンシブ
8218,コメリ,Prime,小売業,内需・ディフェンシブ
8219,青山商事,Prime,小売業,内需・ディフェンシブ
8225,タカチホ,Standard,卸売業,内需・ディフェンシブ
8226,理経,Standard,卸売業,内需・ディフェンシブ
8227,しまむら,Prime,小売業,内需・ディフェンシブ
8230,はせがわ,Standard,小売業,内需・ディフェンシブ
8233,高島屋,Prime,小売業,内需・ディフェンシブ
8237,松屋,Prime,小売業,内需・ディフェンシブ
8242,エイチ・ツー・オー　リテイリング,Prime,小売業,内需・ディフェンシブ
8244,近鉄百貨店,Standard,小売業,内需・ディフェンシブ
8247,大和,Standard,小売業,内需・ディフェンシブ
8252,丸井グループ,Prime,小売業,内需・ディフェンシブ
8253,クレディセゾン,Prime,その他金融業,フィンテック・暗号資産
8254,さいか屋,Standard,小売業,内需・ディフェンシブ
8255,アクシアル　リテイリング,Prime,小売業,内需・ディフェンシブ
8260,井筒屋,Standard,小売業,内需・ディフェンシブ
8267,イオン,Prime,小売業,内需・ディフェンシブ
8273,イズミ,Prime,小売業,内需・ディフェンシブ
8275,フォーバル,Standard,卸売業,内需・ディフェンシブ
8276,平和堂,Prime,小売業,内需・ディフェンシブ
8278,フジ,Prime,小売業,内需・ディフェンシブ
8281,ゼビオホールディングス,Prime,小売業,内需・ディフェンシブ
8282,ケーズホールディングス,Prime,小売業,内需・ディフェンシブ
8283,ＰＡＬＴＡＣ,Prime,卸売業,内需・ディフェンシブ
8285,三谷産業,Standard,卸売業,内需・ディフェンシブ
8289,Ｏｌｙｍｐｉｃグループ,Standard,小売業,内需・ディフェンシブ
8291,日産東京販売ホールディングス,Standard,小売業,内需・ディフェンシブ
8303,ＳＢＩ新生銀行,Prime,銀行業,内需・ディフェンシブ
8304,あおぞら銀行,Prime,銀行業,内需・ディフェンシブ
8306,三菱ＵＦＪフィナンシャル・グループ,Prime,銀行業,内需・ディフェンシブ
8308,りそなホールディングス,Prime,銀行業,内需・ディフェンシブ
8309,三井住友トラストグループ,Prime,銀行業,内需・ディフェンシブ
8316,三井住友フィナンシャルグループ,Prime,銀行業,内需・ディフェンシブ
8331,千葉銀行,Prime,銀行業,内需・ディフェンシブ
8334,群馬銀行,Prime,銀行業,内需・ディフェンシブ
8336,武蔵野銀行,Prime,銀行業,内需・ディフェンシブ
8337,千葉興業銀行,Prime,銀行業,内需・ディフェンシブ
8338,筑波銀行,Prime,銀行業,内需・ディフェンシブ
8341,七十七銀行,Prime,銀行業,内需・ディフェンシブ
8343,秋田銀行,Prime,銀行業,内需・ディフェンシブ
8344,山形銀行,Prime,銀行業,内需・ディフェンシブ
8345,岩手銀行,Prime,銀行業,内需・ディフェンシブ
8346,東邦銀行,Prime,銀行業,内需・ディフェンシブ
8349,東北銀行,Standard,銀行業,内需・ディフェンシブ
8354,ふくおかフィナンシャルグループ,Prime,銀行業,内需・ディフェンシブ
8358,スルガ銀行,Prime,銀行業,内需・ディフェンシブ
8359,八十二長野銀行,Prime,銀行業,内需・ディフェンシブ
8360,山梨中央銀行,Prime,銀行業,内需・ディフェンシブ
8361,大垣共立銀行,Prime,銀行業,内需・ディフェンシブ
8362,福井銀行,Prime,銀行業,内需・ディフェンシブ
8364,清水銀行,Prime,銀行業,内需・ディフェンシブ
8365,富山銀行,Standard,銀行業,内需・ディフェンシブ
8366,滋賀銀行,Prime,銀行業,内需・ディフェンシブ
8367,南都銀行,Prime,銀行業,内需・ディフェンシブ
8368,百五銀行,Prime,銀行業,内需・ディフェンシブ
8370,紀陽銀行,Prime,銀行業,内需・ディフェンシブ
8377,ほくほくフィナンシャルグループ,Prime,銀行業,内需・ディフェンシブ
8381,山陰合同銀行,Prime,銀行業,内需・ディフェンシブ
8383,鳥取銀行,Standard,銀行業,内需・ディフェンシブ
8386,百十四銀行,Prime,銀行業,内需・ディフェンシブ
8387,四国銀行,Prime,銀行業,内需・ディフェンシブ
8388,阿波銀行,Prime,銀行業,内需・ディフェンシブ
8392,大分銀行,Prime,銀行業,内需・ディフェンシブ
8393,宮崎銀行,Prime,銀行業,内需・ディフェンシブ
8395,佐賀銀行,Prime,銀行業,内需・ディフェンシブ
8399,琉球銀行,Prime,銀行業,内需・ディフェンシブ
8410,セブン銀行,Prime,銀行業,内需・ディフェンシブ
8411,みずほフィナンシャルグループ,Prime,銀行業,内需・ディフェンシブ
8416,高知銀行,Standard,銀行業,内需・ディフェンシブ
8418,山口フィナンシャルグループ,Prime,銀行業,内需・ディフェンシブ
8424,芙蓉総合リース,Prime,その他金融業,フィンテック・暗号資産
8425,みずほリース,Prime,その他金融業,フィンテック・暗号資産
8439,東京センチュリー,Prime,その他金融業,フィンテック・暗号資産
8473,ＳＢＩホールディングス,Prime,証券、商品先物取引業,フィンテック・暗号資産
8508,Ｊトラスト,Standard,その他金融業,フィンテック・暗号資産
8511,日本証券金融,Prime,その他金融業,フィンテック・暗号資産
8518,日本アジア投資,Standard,証券、商品先物取引業,フィンテック・暗号資産
8522,名古屋銀行,Prime,銀行業,内需・ディフェンシブ
8524,北洋銀行,Prime,銀行業,内需・ディフェンシブ
8537,大光銀行,Standard,銀行業,内需・ディフェンシブ
8541,愛媛銀行,Prime,銀行業,内需・ディフェンシブ
8542,トマト銀行,Standard,銀行業,内需・ディフェンシブ
8544,京葉銀行,Prime,銀行業,内需・ディフェンシブ
8550,栃木銀行,Prime,銀行業,内需・ディフェンシブ
8551,北日本銀行,Prime,銀行業,内需・ディフェンシブ
8558,東和銀行,Prime,銀行業,内需・ディフェンシブ
8562,福島銀行,Standard,銀行業,内需・ディフェンシブ
8563,大東銀行,Standard,銀行業,内需・ディフェンシブ
8566,リコーリース,Prime,その他金融業,フィンテック・暗号資産
8570,イオンフィナンシャルサービス,Prime,その他金融業,フィンテック・暗号資産
8572,アコム,Standard,その他金融業,フィンテック・暗号資産
8584,ジャックス,Prime,その他金融業,フィンテック・暗号資産
8585,オリエントコーポレーション,Prime,その他金融業,フィンテック・暗号資産
8591,オリックス,Prime,その他金融業,フィンテック・暗号資産
8593,三菱ＨＣキャピタル,Prime,その他金融業,フィンテック・暗号資産
8595,ジャフコ　グループ,Prime,証券、商品先物取引業,フィンテック・暗号資産
8596,九州リースサービス,Standard,その他金融業,フィンテック・暗号資産
8600,トモニホールディングス,Prime,銀行業,内需・ディフェンシブ
8601,大和証券グループ本社,Prime,証券、商品先物取引業,フィンテック・暗号資産
8604,野村ホールディングス,Prime,証券、商品先物取引業,フィンテック・暗号資産
8609,岡三証券グループ,Prime,証券、商品先物取引業,フィンテック・暗号資産
8613,丸三証券,Prime,証券、商品先物取引業,フィンテック・暗号資産
8614,東洋証券,Prime,証券、商品先物取引業,フィンテック・暗号資産
8616,東海東京フィナンシャル・ホールディングス,Prime,証券、商品先物取引業,フィンテック・暗号資産
8617,光世証券,Standard,証券、商品先物取引業,フィンテック・暗号資産
8622,水戸証券,Prime,証券、商品先物取引業,フィンテック・暗号資産
8624,いちよし証券,Prime,証券、商品先物取引業,フィンテック・暗号資産
8628,松井証券,Prime,証券、商品先物取引業,フィンテック・暗号資産
8630,ＳＯＭＰＯホールディングス,Prime,保険業,内需・ディフェンシブ
8697,日本取引所グループ,Prime,その他金融業,フィンテック・暗号資産
8698,マネックスグループ,Prime,証券、商品先物取引業,フィンテック・暗号資産
8699,ＨＳホールディングス,Standard,証券、商品先物取引業,フィンテック・暗号資産
8700,丸八証券,Standard,証券、商品先物取引業,フィンテック・暗号資産
8704,トレイダーズホールディングス,Standard,証券、商品先物取引業,フィンテック・暗号資産
8705,日産証券グループ,Standard,証券、商品先物取引業,フィンテック・暗号資産
8706,極東証券,Prime,証券、商品先物取引業,フィンテック・暗号資産
8707,岩井コスモホールディングス,Prime,証券、商品先物取引業,フィンテック・暗号資産
8708,アイザワ証券グループ,Prime,証券、商品先物取引業,フィンテック・暗号資産
8713,フィデアホールディングス,Prime,銀行業,内需・ディフェンシブ
8714,池田泉州ホールディングス,Prime,銀行業,内需・ディフェンシブ
8715,アニコム　ホールディングス,Prime,保険業,内需・ディフェンシブ
8725,ＭＳ＆ＡＤインシュアランスグループホールディングス,Prime,保険業,内需・ディフェンシブ
8729,ソニーフィナンシャルグループ,Prime,保険業,内需・ディフェンシブ
8737,あかつき本社,Standard,証券、商品先物取引業,フィンテック・暗号資産
8739,スパークス・グループ,Prime,証券、商品先物取引業,フィンテック・暗号資産
8742,小林洋行,Standard,証券、商品先物取引業,フィンテック・暗号資産
8746,ｕｎｂａｎｋｅｄ,Standard,証券、商品先物取引業,フィンテック・暗号資産
8747,豊トラスティ証券,Standard,証券、商品先物取引業,フィンテック・暗号資産
8750,第一生命ホールディングス,Prime,保険業,内需・ディフェンシブ
8766,東京海上ホールディングス,Prime,保険業,内需・ディフェンシブ
8769,アドバンテッジリスクマネジメント,Standard,サービス業,サービス
8771,イー・ギャランティ,Prime,その他金融業,フィンテック・暗号資産
8772,アサックス,Standard,その他金融業,フィンテック・暗号資産
8783,ａｂｃ,Standard,その他金融業,フィンテック・暗号資産
8789,フィンテック　グローバル,Standard,その他金融業,フィンテック・暗号資産
8793,ＮＥＣキャピタルソリューション,Prime,その他金融業,フィンテック・暗号資産
8795,Ｔ＆Ｄホールディングス,Prime,保険業,内需・ディフェンシブ
8798,アドバンスクリエイト,Prime,保険業,内需・ディフェンシブ
8801,三井不動産,Prime,不動産業,内需・ディフェンシブ
8802,三菱地所,Prime,不動産業,内需・ディフェンシブ
8803,平和不動産,Prime,不動産業,内需・ディフェンシブ
8804,東京建物,Prime,不動産業,内需・ディフェンシブ
8818,京阪神ビルディング,Prime,不動産業,内需・ディフェンシブ
8830,住友不動産,Prime,不動産業,内需・ディフェンシブ
8835,太平洋興発,Standard,卸売業,内需・ディフェンシブ
8836,ＲＩＳＥ,Standard,不動産業,内需・ディフェンシブ
8841,テーオーシー,Standard,不動産業,内需・ディフェンシブ
8844,コスモスイニシア,Standard,不動産業,内需・ディフェンシブ
8848,レオパレス２１,Prime,不動産業,内需・ディフェンシブ
8850,スターツコーポレーション,Prime,不動産業,内需・ディフェンシブ
8860,フジ住宅,Prime,不動産業,内需・ディフェンシブ
8864,空港施設,Standard,不動産業,内需・ディフェンシブ
8869,明和地所,Standard,不動産業,内需・ディフェンシブ
8871,ゴールドクレスト,Standard,不動産業,内需・ディフェンシブ
8876,リログループ,Prime,サービス業,サービス
8877,エスリード,Prime,不動産業,内需・ディフェンシブ
8881,日神グループホールディングス,Prime,不動産業,内需・ディフェンシブ
8887,シーラホールディングス,Standard,不動産業,内需・ディフェンシブ
8891,ＡＭＧホールディングス,Standard,不動産業,内需・ディフェンシブ
8892,エスコン,Prime,不動産業,内需・ディフェンシブ
8894,ＲＥＶＯＬＵＴＩＯＮ,Standard,不動産業,内需・ディフェンシブ
8897,ＭＩＲＡＲＴＨホールディングス,Prime,不動産業,内需・ディフェンシブ
8898,センチュリー２１・ジャパン,Standard,不動産業,内需・ディフェンシブ
8904,ＡＶＡＮＴＩＡ,Standard,不動産業,内需・ディフェンシブ
8908,毎日コムネット,Standard,不動産業,内需・ディフェンシブ
8912,エリアクエスト,Standard,不動産業,内需・ディフェンシブ
8914,エリアリンク,Standard,不動産業,内需・ディフェンシブ
8917,ファースト住建,Standard,不動産業,内需・ディフェンシブ
8918,ランド,Standard,不動産業,内需・ディフェンシブ
8919,カチタス,Prime,不動産業,内需・ディフェンシブ
8920,東祥,Standard,サービス業,サービス
8921,シーズクリエイト,PRO,不動産業,内需・ディフェンシブ
8923,トーセイ,Prime,不動産業,内需・ディフェンシブ
8927,明豊エンタープライズ,Standard,不動産業,内需・ディフェンシブ
8928,穴吹興産,Standard,不動産業,内需・ディフェンシブ
8929,青山財産ネットワークス,Standard,不動産業,内需・ディフェンシブ
8931,和田興産,Standard,不動産業,内需・ディフェンシブ
8934,サンフロンティア不動産,Prime,不動産業,内需・ディフェンシブ
8935,ＦＪネクストホールディングス,Prime,不動産業,内需・ディフェンシブ
8938,グローム・ホールディングス,Growth,不動産業,内需・ディフェンシブ
8944,ランドビジネス,Standard,不動産業,内需・ディフェンシブ
8945,サンネクスタグループ,Standard,不動産業,内需・ディフェンシブ
8946,ＡＳＩＡＮ　ＳＴＡＲ,Standard,不動産業,内需・ディフェンシブ
8995,誠建設工業,Standard,不動産業,内需・ディフェンシブ
8996,ハウスフリーダム,Standard,不動産業,内需・ディフェンシブ
8999,グランディハウス,Prime,不動産業,内需・ディフェンシブ
9001,東武鉄道,Prime,陸運業,EC・物流
9003,相鉄ホールディングス,Prime,陸運業,EC・物流
9005,東急,Prime,陸運業,EC・物流
9006,京浜急行電鉄,Prime,陸運業,EC・物流
9007,小田急電鉄,Prime,陸運業,EC・物流
9008,京王電鉄,Prime,陸運業,EC・物流
9009,京成電鉄,Prime,陸運業,EC・物流
9010,富士急行,Prime,陸運業,EC・物流
9012,秩父鉄道,Standard,陸運業,EC・物流
9017,新潟交通,Standard,陸運業,EC・物流
9020,東日本旅客鉄道,Prime,陸運業,EC・物流
9021,西日本旅客鉄道,Prime,陸運業,EC・物流
9022,東海旅客鉄道,Prime,陸運業,EC・物流
9023,東京地下鉄,Prime,陸運業,EC・物流
9024,西武ホールディングス,Prime,陸運業,EC・物流
9025,鴻池運輸,Prime,陸運業,EC・物流
9028,ゼロ,Standard,陸運業,EC・物流
9029,ヒガシホールディングス,Standard,陸運業,EC・物流
9031,西日本鉄道,Prime,陸運業,EC・物流
9033,広島電鉄,Standard,陸運業,EC・物流
9034,南総通運,Standard,陸運業,EC・物流
9036,東部ネットワーク,Standard,陸運業,EC・物流
9037,ハマキョウレックス,Prime,陸運業,EC・物流
9039,サカイ引越センター,Prime,陸運業,EC・物流
9041,近鉄グループホールディングス,Prime,陸運業,EC・物流
9042,阪急阪神ホールディングス,Prime,陸運業,EC・物流
9044,南海電気鉄道,Prime,陸運業,EC・物流
9045,京阪ホールディングス,Prime,陸運業,EC・物流
9046,神戸電鉄,Prime,陸運業,EC・物流
9048,名古屋鉄道,Prime,陸運業,EC・物流
9049,京福電気鉄道,Standard,陸運業,EC・物流
9051,センコン物流,Standard,陸運業,EC・物流
9052,山陽電気鉄道,Prime,陸運業,EC・物流
9057,遠州トラック,Standard,陸運業,EC・物流
9059,カンダホールディングス,Standard,陸運業,EC・物流
9060,日本ロジテム,Standard,陸運業,EC・物流
9063,岡山県貨物運送,Standard,陸運業,EC・物流
9064,ヤマトホールディングス,Prime,陸運業,EC・物流
9065,山九,Prime,陸運業,EC・物流
9067,丸運,Standard,陸運業,EC・物流
9068,丸全昭和運輸,Prime,陸運業,EC・物流
9069,センコーグループホールディングス,Prime,陸運業,EC・物流
9072,ニッコンホールディングス,Prime,陸運業,EC・物流
9073,京極運輸商事,Standard,陸運業,EC・物流
9074,日本石油輸送,Standard,陸運業,EC・物流
9075,福山通運,Prime,陸運業,EC・物流
9076,セイノーホールディングス,Prime,陸運業,EC・物流
9081,神奈川中央交通,Prime,陸運業,EC・物流
9082,大和自動車交通,Standard,陸運業,EC・物流
9083,神姫バス,Standard,陸運業,EC・物流
9087,タカセ,Standard,陸運業,EC・物流
9090,ＡＺ－ＣＯＭ丸和ホールディングス,Prime,陸運業,EC・物流
9101,日本郵船,Prime,海運業,内需・ディフェンシブ
9104,商船三井,Prime,海運業,内需・ディフェンシブ
9107,川崎汽船,Prime,海運業,内需・ディフェンシブ
9110,ＮＳユナイテッド海運,Prime,海運業,内需・ディフェンシブ
9115,明海グループ,Standard,海運業,内需・ディフェンシブ
9119,飯野海運,Prime,海運業,内需・ディフェンシブ
9127,玉井商船,Standard,海運業,内需・ディフェンシブ
9130,共栄タンカー,Standard,海運業,内需・ディフェンシブ
9142,九州旅客鉄道,Prime,陸運業,EC・物流
9143,ＳＧホールディングス,Prime,陸運業,EC・物流
9145,ビーイングホールディングス,Standard,陸運業,EC・物流
9146,五健堂ホールディングス,PRO,陸運業,EC・物流
9147,ＮＩＰＰＯＮ　ＥＸＰＲＥＳＳホールディングス,Prime,陸運業,EC・物流
9149,大友ロジスティクスサービス,PRO,陸運業,EC・物流
9156,はなホールディングス,PRO,サービス業,サービス
9158,シーユーシー,Growth,サービス業,サービス
9159,Ｗ　ＴＯＫＹＯ,Growth,サービス業,サービス
9160,ノバレーゼ,Standard,サービス業,サービス
9162,ブリーチ,Growth,サービス業,サービス
9163,ナレルグループ,Growth,サービス業,サービス
9165,クオルテック,Growth,サービス業,サービス
9166,ＧＥＮＤＡ,Growth,サービス業,サービス
9168,ライズ・コンサルティング・グループ,Growth,サービス業,サービス
9169,大伸社,PRO,サービス業,サービス
9171,栗林商船,Standard,海運業,内需・ディフェンシブ
9173,東海汽船,Standard,海運業,内需・ディフェンシブ
9193,東京汽船,Standard,倉庫・運輸関連業,EC・物流
9201,日本航空,Prime,空運業,インバウンド
9202,ＡＮＡホールディングス,Prime,空運業,インバウンド
9204,スカイマーク,Growth,空運業,インバウンド
9206,スターフライヤー,Standard,空運業,インバウンド
9211,エフ・コード,Growth,サービス業,サービス
9212,Ｇｒｅｅｎ　Ｅａｒｔｈ　Ｉｎｓｔｉｔｕｔｅ,Growth,サービス業,サービス
9213,セイファート,Standard,サービス業,サービス
9214,Ｒｅｃｏｖｅｒｙ　Ｉｎｔｅｒｎａｔｉｏｎａｌ,Growth,サービス業,サービス
9215,ＣａＳｙ,Growth,サービス業,サービス
9216,ビーウィズ,Prime,サービス業,サービス
9218,メンタルヘルステクノロジーズ,Growth,サービス業,サービス
9219,ギックス,Growth,サービス業,サービス
9220,エフビー介護サービス,Standard,サービス業,サービス
9221,フルハシＥＰＯ,Standard,サービス業,サービス
9222,ｍａｎａｂｙ,PRO,サービス業,サービス
9223,ＡＳＮＯＶＡ,Growth,サービス業,サービス
9225,ブリッジコンサルティンググループ,Growth,サービス業,サービス
9226,アイガー,PRO,サービス業,サービス
9227,マイクロ波化学,Growth,サービス業,サービス
9229,サンウェルズ,Prime,サービス業,サービス
9233,アジア航測,Standard,空運業,インバウンド
9235,売れるネット広告社グループ,Growth,サービス業,サービス
9236,ジャパンＭ＆Ａソリューション,Growth,サービス業,サービス
9237,笑美面,Growth,サービス業,サービス
9238,バリュークリエーション,Growth,サービス業,サービス
9239,ケーイーティ,PRO,サービス業,サービス
9240,デリバリーコンサルティング,Growth,サービス業,サービス
9241,フューチャーリンクネットワーク,Growth,サービス業,サービス
9242,メディア総研,Growth,サービス業,サービス
9243,富士テクノホールディングス,PRO,サービス業,サービス
9244,デジタリフト,Growth,サービス業,サービス
9245,リベロ,Growth,サービス業,サービス
9246,プロジェクトホールディングス,Growth,サービス業,サービス
9247,ＴＲＥホールディングス,Prime,サービス業,サービス
9248,人・夢・技術グループ,Standard,サービス業,サービス
9249,日本エコシステム,Standard,サービス業,サービス
9250,ＧＲＣＳ,Growth,サービス業,サービス
9251,ＡＢ＆Ｃｏｍｐａｎｙ,Growth,サービス業,サービス
9252,ラストワンマイル,Growth,サービス業,サービス
9253,スローガン,Growth,サービス業,サービス
9254,ラバブルマーケティンググループ,Growth,サービス業,サービス
9256,サクシード,Growth,サービス業,サービス
9258,ＣＳ－Ｃ,Growth,サービス業,サービス
9259,タカヨシホールディングス,Growth,サービス業,サービス
9262,シルバーライフ,Standard,小売業,内需・ディフェンシブ
9264,ポエック,Standard,卸売業,内需・ディフェンシブ
9265,ヤマシタヘルスケアホールディングス,Standard,卸売業,内需・ディフェンシブ
9267,Ｇｅｎｋｙ　ＤｒｕｇＳｔｏｒｅｓ,Prime,小売業,内需・ディフェンシブ
9268,オプティマスグループ,Standard,卸売業,内需・ディフェンシブ
9270,バリュエンスホールディングス,Growth,卸売業,内需・ディフェンシブ
9271,和心,Growth,小売業,内需・ディフェンシブ
9272,ブティックス,Growth,サービス業,サービス
9273,コーア商事ホールディングス,Prime,卸売業,内需・ディフェンシブ
9274,ＫＰＰグループホールディングス,Prime,卸売業,内需・ディフェンシブ
9278,ブックオフグループホールディングス,Prime,小売業,内需・ディフェンシブ
9279,ギフトホールディングス,Prime,小売業,内需・ディフェンシブ
9301,三菱倉庫,Prime,倉庫・運輸関連業,EC・物流
9302,三井倉庫ホールディングス,Prime,倉庫・運輸関連業,EC・物流
9303,住友倉庫,Prime,倉庫・運輸関連業,EC・物流
9304,澁澤倉庫,Prime,倉庫・運輸関連業,EC・物流
9305,ヤマタネ,Prime,卸売業,内需・ディフェンシブ
9306,東陽倉庫,Standard,倉庫・運輸関連業,EC・物流
9307,杉村倉庫,Standard,倉庫・運輸関連業,EC・物流
9308,乾汽船,Standard,海運業,内需・ディフェンシブ
9310,日本トランスシティ,Prime,倉庫・運輸関連業,EC・物流
9311,アサガミ,Standard,倉庫・運輸関連業,EC・物流
9312,ケイヒン,Standard,倉庫・運輸関連業,EC・物流
9313,丸八倉庫,Standard,倉庫・運輸関連業,EC・物流
9319,中央倉庫,Prime,倉庫・運輸関連業,EC・物流
9322,川西倉庫,Standard,倉庫・運輸関連業,EC・物流
9324,安田倉庫,Prime,倉庫・運輸関連業,EC・物流
9325,ファイズホールディングス,Standard,倉庫・運輸関連業,EC・物流
9326,関通,Growth,倉庫・運輸関連業,EC・物流
9327,イー・ロジット,Standard,倉庫・運輸関連業,EC・物流
9330,揚羽,Growth,サービス業,サービス
9331,キャスター,Growth,サービス業,サービス
9332,ＮＩＳＳＯホールディングス,Prime,サービス業,サービス
9334,アイビスホールディングス,PRO,サービス業,サービス
9335,テクノクリエイティブ,PRO,サービス業,サービス
9336,大栄環境,Prime,サービス業,サービス
9337,トリドリ,Growth,サービス業,サービス
9338,ＩＮＦＯＲＩＣＨ,Growth,サービス業,サービス
9339,コーチ・エィ,Standard,サービス業,サービス
9340,アソインターナショナル,Standard,サービス業,サービス
9341,ＧＥＮＯＶＡ,Prime,サービス業,サービス
9342,スマサポ,Growth,サービス業,サービス
9343,アイビス,Growth,サービス業,サービス
9344,アクシスコンサルティング,Growth,サービス業,サービス
9345,ビズメイツ,Growth,サービス業,サービス
9346,ココルポート,Growth,サービス業,サービス
9347,日本管財ホールディングス,Prime,サービス業,サービス
9348,ｉｓｐａｃｅ,Growth,サービス業,サービス
9351,東洋埠頭,Standard,倉庫・運輸関連業,EC・物流
9353,櫻島埠頭,Standard,倉庫・運輸関連業,EC・物流
9355,リンコーコーポレーション,Standard,倉庫・運輸関連業,EC・物流
9360,鈴与シンワート,Standard,情報・通信業,DX・SaaS
9361,伏木海陸運送,Standard,倉庫・運輸関連業,EC・物流
9362,兵機海運,Standard,倉庫・運輸関連業,EC・物流
9363,大運,Standard,倉庫・運輸関連業,EC・物流
9364,上組,Prime,倉庫・運輸関連業,EC・物流
9365,トレーディア,Standard,倉庫・運輸関連業,EC・物流
9366,サンリツ,Standard,倉庫・運輸関連業,EC・物流
9367,大東港運,Standard,倉庫・運輸関連業,EC・物流
9368,キムラユニティー,Standard,倉庫・運輸関連業,EC・物流
9369,キユーソー流通システム,Standard,倉庫・運輸関連業,EC・物流
9376,ユーラシア旅行社,Standard,サービス業,サービス
9380,東海運,Standard,倉庫・運輸関連業,EC・物流
9381,エーアイテイー,Prime,倉庫・運輸関連業,EC・物流
9385,ショーエイコーポレーション,Standard,化学,半導体関連
9401,ＴＢＳホールディングス,Prime,情報・通信業,DX・SaaS
9404,日本テレビホールディングス,Prime,情報・通信業,DX・SaaS
9405,朝日放送グループホールディングス,Prime,情報・通信業,DX・SaaS
9408,ＢＳＮメディアホールディングス,Standard,情報・通信業,DX・SaaS
9409,テレビ朝日ホールディングス,Prime,情報・通信業,DX・SaaS
9412,スカパーＪＳＡＴホールディングス,Prime,情報・通信業,DX・SaaS
9413,テレビ東京ホールディングス,Prime,情報・通信業,DX・SaaS
9414,日本ＢＳ放送,Standard,情報・通信業,DX・SaaS
9416,ビジョン,Prime,情報・通信業,DX・SaaS
9417,スマートバリュー,Standard,情報・通信業,DX・SaaS
9418,Ｕ－ＮＥＸＴ　ＨＯＬＤＩＮＧＳ,Prime,情報・通信業,DX・SaaS
9419,ワイヤレスゲート,Standard,情報・通信業,DX・SaaS
9421,エヌジェイホールディングス,Standard,情報・通信業,DX・SaaS
9423,フォーバル・リアルストレート,Standard,情報・通信業,DX・SaaS
9424,日本通信,Prime,情報・通信業,DX・SaaS
9425,ＲｅＹｕｕ　Ｊａｐａｎ,Standard,情報・通信業,DX・SaaS
9428,クロップス,Standard,情報・通信業,DX・SaaS
9432,ＮＴＴ,Prime,情報・通信業,DX・SaaS
9433,ＫＤＤＩ,Prime,情報・通信業,DX・SaaS
9434,ソフトバンク,Prime,情報・通信業,DX・SaaS
9435,光通信,Prime,情報・通信業,DX・SaaS
9436,沖縄セルラー電話,Standard,情報・通信業,DX・SaaS
9438,エムティーアイ,Prime,情報・通信業,DX・SaaS
9439,エム・エイチ・グループ,Standard,サービス業,サービス
9441,ベルパーク,Standard,情報・通信業,DX・SaaS
9444,トーシンホールディングス,Standard,情報・通信業,DX・SaaS
9445,フォーバルテレコム,Standard,情報・通信業,DX・SaaS
9446,サカイホールディングス,Standard,情報・通信業,DX・SaaS
9449,ＧＭＯインターネットグループ,Prime,情報・通信業,DX・SaaS
9450,ファイバーゲート,Standard,情報・通信業,DX・SaaS
9466,アイドママーケティングコミュニケーション,Standard,情報・通信業,DX・SaaS
9467,アルファポリス,Growth,情報・通信業,DX・SaaS
9468,ＫＡＤＯＫＡＷＡ,Prime,情報・通信業,DX・SaaS
9470,学研ホールディングス,Prime,情報・通信業,DX・SaaS
9474,ゼンリン,Prime,情報・通信業,DX・SaaS
9475,昭文社ホールディングス,Standard,情報・通信業,DX・SaaS
9476,中央経済社ホールディングス,Standard,情報・通信業,DX・SaaS
9478,ＳＥホールディングス・アンド・インキュベーションズ,Standard,情報・通信業,DX・SaaS
9501,東京電力ホールディングス,Prime,電気・ガス業,環境・再エネ
9502,中部電力,Prime,電気・ガス業,環境・再エネ
9503,関西電力,Prime,電気・ガス業,環境・再エネ
9504,中国電力,Prime,電気・ガス業,環境・再エネ
9505,北陸電力,Prime,電気・ガス業,環境・再エネ
9506,東北電力,Prime,電気・ガス業,環境・再エネ
9507,四国電力,Prime,電気・ガス業,環境・再エネ
9508,九州電力,Prime,電気・ガス業,環境・再エネ
9509,北海道電力,Prime,電気・ガス業,環境・再エネ
9511,沖縄電力,Prime,電気・ガス業,環境・再エネ
9513,電源開発,Prime,電気・ガス業,環境・再エネ
9514,エフオン,Standard,電気・ガス業,環境・再エネ
9517,イーレックス,Prime,電気・ガス業,環境・再エネ
9519,レノバ,Prime,電気・ガス業,環境・再エネ
9531,東京瓦斯,Prime,電気・ガス業,環境・再エネ
9532,大阪瓦斯,Prime,電気・ガス業,環境・再エネ
9533,東邦瓦斯,Prime,電気・ガス業,環境・再エネ
9534,北海道瓦斯,Prime,電気・ガス業,環境・再エネ
9535,広島ガス,Prime,電気・ガス業,環境・再エネ
9536,西部ガスホールディングス,Prime,電気・ガス業,環境・再エネ
9537,北陸瓦斯,Standard,電気・ガス業,環境・再エネ
9539,京葉瓦斯,Standard,電気・ガス業,環境・再エネ
9543,静岡ガス,Prime,電気・ガス業,環境・再エネ
9551,メタウォーター,Prime,電気・ガス業,環境・再エネ
9552,クオンツ総研ホールディングス,Prime,サービス業,サービス
9553,マイクロアド,Growth,サービス業,サービス
9554,ＡＶｉＣ,Growth,サービス業,サービス
9556,ＩＮＴＬＯＯＰ,Growth,サービス業,サービス
9557,エアークローゼット,Growth,サービス業,サービス
9558,ジャパニアス,Growth,サービス業,サービス
9560,プログリット,Growth,サービス業,サービス
9561,グラッドキューブ,Growth,サービス業,サービス
9562,ビジネスコーチ,Growth,サービス業,サービス
9563,Ａｔｌａｓ　Ｔｅｃｈｎｏｌｏｇｉｅｓ,Growth,サービス業,サービス
9564,ＦＣＥ,Standard,サービス業,サービス
9565,ＧＬＯＥ,Growth,サービス業,サービス
9601,松竹,Prime,情報・通信業,DX・SaaS
9602,東宝,Prime,情報・通信業,DX・SaaS
9603,エイチ・アイ・エス,Prime,サービス業,サービス
9605,東映,Prime,情報・通信業,DX・SaaS
9610,ウィルソン・ラーニング　ワールドワイド,Standard,サービス業,サービス
9612,ラックランド,Prime,サービス業,サービス
9616,共立メンテナンス,Prime,サービス業,サービス
9619,イチネンホールディングス,Prime,サービス業,サービス
9621,建設技術研究所,Prime,サービス業,サービス
9622,スペース,Prime,サービス業,サービス
9625,セレスポ,Standard,サービス業,サービス
9627,アインホールディングス,Prime,小売業,内需・ディフェンシブ
9628,燦ホールディングス,Prime,サービス業,サービス
9629,ピー・シー・エー,Prime,情報・通信業,DX・SaaS
9632,スバル興業,Standard,サービス業,サービス
9633,東京テアトル,Standard,不動産業,内需・ディフェンシブ
9635,武蔵野興業,Standard,サービス業,サービス
9636,きんえい,Standard,サービス業,サービス
9639,三協フロンテア,Standard,サービス業,サービス
9640,セゾンテクノロジー,Standard,情報・通信業,DX・SaaS
9644,タナベコンサルティンググループ,Prime,サービス業,サービス
9647,協和コンサルタンツ,Standard,サービス業,サービス
9651,日本プロセス,Standard,情報・通信業,DX・SaaS
9656,グリーンランドリゾート,Standard,サービス業,サービス
9658,ビジネスブレイン太田昭和,Prime,情報・通信業,DX・SaaS
9661,歌舞伎座,Standard,サービス業,サービス
9663,ナガワ,Prime,サービス業,サービス
9672,東京都競馬,Prime,サービス業,サービス
9678,カナモト,Prime,サービス業,サービス
9679,ホウライ,Standard,サービス業,サービス
9682,ＤＴＳ,Prime,情報・通信業,DX・SaaS
9684,スクウェア・エニックス・ホールディングス,Prime,情報・通信業,DX・SaaS
9685,ＫＹＣＯＭホールディングス,Standard,情報・通信業,DX・SaaS
9686,東洋テック,Standard,サービス業,サービス
9687,ＫＳＫ,Standard,情報・通信業,DX・SaaS
9691,両毛システムズ,Standard,情報・通信業,DX・SaaS
9692,シーイーシー,Prime,情報・通信業,DX・SaaS
9697,カプコン,Prime,情報・通信業,ゲーム・エンタメ
9698,クレオ,Standard,情報・通信業,DX・SaaS
9699,ニシオホールディングス,Prime,サービス業,サービス
9701,東京會舘,Standard,サービス業,サービス
9702,アイ・エス・ビー,Prime,情報・通信業,DX・SaaS
9704,アゴーラ　ホスピタリティー　グループ,Standard,サービス業,サービス
9706,日本空港ビルデング,Prime,不動産業,内需・ディフェンシブ
9708,帝国ホテル,Standard,サービス業,サービス
9709,ＮＣＳ＆Ａ,Standard,情報・通信業,DX・SaaS
9713,ロイヤルホテル,Standard,サービス業,サービス
9715,トランス・コスモス,Prime,サービス業,サービス
9716,乃村工藝社,Prime,サービス業,サービス
9720,ホテル、ニューグランド,Standard,サービス業,サービス
9722,藤田観光,Prime,サービス業,サービス
9723,京都ホテル,Standard,サービス業,サービス
9726,ＫＮＴ－ＣＴホールディングス,Standard,サービス業,サービス
9729,トーカイ,Prime,サービス業,サービス
9731,白洋舎,Standard,サービス業,サービス
9733,ナガセ,Standard,サービス業,サービス
9735,セコム,Prime,サービス業,サービス
9739,ＮＳＷ,Prime,情報・通信業,DX・SaaS
9740,セントラル警備保障,Prime,サービス業,サービス
9742,アイネス,Prime,情報・通信業,DX・SaaS
9743,丹青社,Prime,サービス業,サービス
9744,メイテックグループホールディングス,Prime,サービス業,サービス
9746,ＴＫＣ,Prime,情報・通信業,DX・SaaS
9753,アイエックス・ナレッジ,Standard,情報・通信業,DX・SaaS
9755,応用地質,Prime,サービス業,サービス
9757,船井総研ホールディングス,Prime,サービス業,サービス
9759,ＮＳＤ,Prime,情報・通信業,DX・SaaS
9760,進学会ホールディングス,Standard,サービス業,サービス
9761,東海リース,Standard,サービス業,サービス
9763,丸建リース,Standard,卸売業,内需・ディフェンシブ
9765,オオバ,Prime,サービス業,サービス
9766,コナミグループ,Prime,情報・通信業,DX・SaaS
9767,日建工学,Standard,サービス業,サービス
9768,いであ,Standard,サービス業,サービス
9769,学究社,Prime,サービス業,サービス
9778,昴,Standard,サービス業,サービス
9780,ハリマビステム,Standard,サービス業,サービス
9782,ディーエムエス,Standard,サービス業,サービス
9788,ナック,Prime,サービス業,サービス
9790,福井コンピュータホールディングス,Prime,情報・通信業,DX・SaaS
9791,ビケンテクノ,Standard,サービス業,サービス
9793,ダイセキ,Prime,サービス業,サービス
9795,ステップ,Prime,サービス業,サービス
9799,旭情報サービス,Standard,情報・通信業,DX・SaaS
9812,テーオーホールディングス,Standard,卸売業,内需・ディフェンシブ
9816,ストライダーズ,Standard,不動産業,内需・ディフェンシブ
9818,大丸エナウィン,Standard,卸売業,内需・ディフェンシブ
9820,エムティジェネックス,Standard,不動産業,内需・ディフェンシブ
9823,マミーマートホールディングス,Standard,小売業,内需・ディフェンシブ
9824,泉州電業,Prime,卸売業,内需・ディフェンシブ
9827,リリカラ,Standard,卸売業,内需・ディフェンシブ
9828,Ｇｅｎｋｉ　Ｇｌｏｂａｌ　Ｄｉｎｉｎｇ　Ｃｏｎｃｅｐｔｓ,Standard,小売業,内需・ディフェンシブ
9830,トラスコ中山,Prime,卸売業,内需・ディフェンシブ
9831,ヤマダホールディングス,Prime,小売業,内需・ディフェンシブ
9832,オートバックスセブン,Prime,卸売業,内需・ディフェンシブ
9835,ジュンテンドー,Standard,小売業,内需・ディフェンシブ
9837,モリト,Prime,卸売業,内需・ディフェンシブ
9842,アークランズ,Prime,小売業,内需・ディフェンシブ
9843,ニトリホールディングス,Prime,小売業,内需・ディフェンシブ
9845,パーカーコーポレーション,Standard,化学,半導体関連
9846,天満屋ストア,Standard,小売業,内需・ディフェンシブ
9849,共同紙販ホールディングス,Standard,卸売業,内需・ディフェンシブ
9850,グルメ杵屋,Prime,小売業,内需・ディフェンシブ
9853,銀座ルノアール,Standard,小売業,内需・ディフェンシブ
9854,愛眼,Standard,小売業,内需・ディフェンシブ
9856,ケーユーホールディングス,Standard,小売業,内需・ディフェンシブ
9857,英和,Standard,卸売業,内需・ディフェンシブ
9861,吉野家ホールディングス,Prime,小売業,内需・ディフェンシブ
9867,ソレキア,Standard,卸売業,内需・ディフェンシブ
9869,加藤産業,Prime,卸売業,内需・ディフェンシブ
9872,北恵,Standard,卸売業,内需・ディフェンシブ
9876,コックス,Standard,小売業,内需・ディフェンシブ
9878,セキド,Standard,小売業,内需・ディフェンシブ
9880,イノテック,Prime,電気機器,半導体関連
9882,イエローハット,Prime,卸売業,内需・ディフェンシブ
9885,シャルレ,Standard,卸売業,内需・ディフェンシブ
9887,松屋フーズホールディングス,Prime,小売業,内需・ディフェンシブ
9888,ＵＥＸ,Standard,卸売業,内需・ディフェンシブ
9889,ＪＢＣＣホールディングス,Prime,情報・通信業,DX・SaaS
9890,マキヤ,Standard,小売業,内需・ディフェンシブ
9895,コンセック,Standard,卸売業,内需・ディフェンシブ
9896,ＪＫホールディングス,Standard,卸売業,内需・ディフェンシブ
9900,サガミホールディングス,Prime,小売業,内需・ディフェンシブ
9902,日伝,Prime,卸売業,内需・ディフェンシブ
9903,カンセキ,Standard,小売業,内需・ディフェンシブ
9904,ベリテ,Standard,小売業,内需・ディフェンシブ
9906,藤井産業,Standard,卸売業,内需・ディフェンシブ
9908,日本電計,Standard,卸売業,内需・ディフェンシブ
9913,日邦産業,Standard,卸売業,内需・ディフェンシブ
9914,植松商会,Standard,卸売業,内需・ディフェンシブ
9927,ワットマン,Standard,小売業,内需・ディフェンシブ
9928,ミロク情報サービス,Prime,情報・通信業,DX・SaaS
9929,平和紙業,Standard,卸売業,内需・ディフェンシブ
9930,北沢産業,Standard,卸売業,内需・ディフェンシブ
9932,杉本商事,Prime,卸売業,内需・ディフェンシブ
9934,因幡電機産業,Prime,卸売業,内需・ディフェンシブ
9936,王将フードサービス,Prime,小売業,内需・ディフェンシブ
9941,太洋物産,Standard,卸売業,内需・ディフェンシブ
9946,ミニストップ,Prime,小売業,内需・ディフェンシブ
9948,アークス,Prime,小売業,内需・ディフェンシブ
9950,ハチバン,Standard,小売業,内需・ディフェンシブ
9955,ヨンキュウ,Standard,卸売業,内需・ディフェンシブ
9956,バローホールディングス,Prime,小売業,内需・ディフェンシブ
9959,アシードホールディングス,Standard,小売業,内需・ディフェンシブ
9960,東テク,Prime,卸売業,内需・ディフェンシブ
9962,ミスミグループ本社,Prime,卸売業,内需・ディフェンシブ
9969,ショクブン,Standard,小売業,内需・ディフェンシブ
9972,アルテック,Standard,卸売業,内需・ディフェンシブ
9973,ＫＯＺＯホールディングス,Standard,小売業,内需・ディフェンシブ
9974,ベルク,Prime,小売業,内需・ディフェンシブ
9976,セキチュー,Standard,小売業,内需・ディフェンシブ
9978,文教堂グループホールディングス,Standard,小売業,内需・ディフェンシブ
9979,大庄,Standard,小売業,内需・ディフェンシブ
9980,ＭＲＫホールディングス,Standard,小売業,内需・ディフェンシブ
9982,タキヒヨー,Standard,卸売業,内需・ディフェンシブ
9983,ファーストリテイリング,Prime,小売業,内需・ディフェンシブ
9984,ソフトバンクグループ,Prime,情報・通信業,DX・SaaS
9986,蔵王産業,Standard,卸売業,内需・ディフェンシブ
9987,スズケン,Prime,卸売業,内需・ディフェンシブ
9989,サンドラッグ,Prime,小売業,内需・ディフェンシブ
9990,サックスバー　ホールディングス,Prime,小売業,内需・ディフェンシブ
9991,ジェコス,Prime,卸売業,内需・ディフェンシブ
9993,ヤマザワ,Standard,小売業,内需・ディフェンシブ
9994,やまや,Standard,小売業,内需・ディフェンシブ
9996,サトー商会,Standard,卸売業,内需・ディフェンシブ
9997,ベルーナ,Prime,小売業,内需・ディフェンシブ
